{
  "culture": "zh-Hans",
  "texts": {
    "VirtualFileExplorer": "虚拟文件资源管理器",
    "VirtualFileType": "虚拟文件类型",
    "Menu:VirtualFileExplorer": "虚拟文件资源管理器",
    "LastUpdateTime": "最后更新时间",
    "VirtualFileName": "虚拟文件名",
    "FileContent": "文件内容",
    "Size": "文件大小",
    "BackToRoot": "返回根目录",
    "EmptyFileInfoList": "没有虚拟文件",
    "Permission:AbpVirtualFileExplorer": "虚拟文件资源管理器",
    "Permission:AbpVirtualFileExplorer:View": "查看"
  }
}
