{
  "culture": "it",
  "texts": {
    "Menu:Account": "Account",
    "UserName": "Nome utente",
    "EmailAddress": "Indirizzo e-mail",
    "UserNameOrEmailAddress": "Username o Indirizzo e-mail",
    "Password": "Password",
    "RememberMe": "Ricordami",
    "UseAnotherServiceToLogin": "Usa un altro servizio per accedere",
    "UserLockedOutMessage": "L'account utente è stato bloccato a causa di troppi tentativi di accesso non validi. Attendi qualche istante e riprova.",
    "InvalidUserNameOrPassword": "Username o password non validi!",
    "LoginIsNotAllowed": "Non sei autorizzato ad accedere! Il tuo account non è attivo o devi confermare la tua e-mail/numero di telefono.",
    "SelfRegistrationDisabledMessage": "L'auto-registrazione è disabilitata per questa applicazione. Contatta l'amministratore dell'applicazione per richiedere la registrazione.",
    "LocalLoginDisabledMessage": "L'accesso locale è disabilitato per questa applicazione.",
    "Login": "Accedi",
    "Cancel": "Annulla",
    "Register": "Registrati",
    "AreYouANewUser": "Sei un nuovo utente?",
    "AlreadyRegistered": "Già registrato?",
    "InvalidLoginRequest": "Richiesta di accesso non valida",
    "ThereAreNoLoginSchemesConfiguredForThisClient": "Non ci sono schemi di accesso configurati per questo client.",
    "LogInUsingYourProviderAccount": "Accedi utilizzando il tuo account {0}",
    "DisplayName:CurrentPassword": "Password attuale",
    "DisplayName:NewPassword": "Nuova password",
    "DisplayName:NewPasswordConfirm": "Conferma la nuova password",
    "PasswordChangedMessage": "La tua password è stata modificata con successo.",
    "DisplayName:UserName": "Nome utente",
    "DisplayName:Email": "E-mail",
    "DisplayName:Name": "Nome",
    "DisplayName:Surname": "Cognome",
    "DisplayName:Password": "Password",
    "DisplayName:EmailAddress": "Indirizzo e-mail",
    "DisplayName:PhoneNumber": "Numero di telefono",
    "PersonalSettings": "Impostazioni personali",
    "PersonalSettingsSaved": "Impostazioni personali salvate",
    "PersonalSettingsChangedConfirmationModalTitle": "Le informazioni personali sono cambiate",
    "PersonalSettingsChangedConfirmationModalDescription": "Se vuoi applicare queste modifiche devi effettuare il login. Vuoi disconnetterti?",
    "PasswordChanged": "Password cambiata",
    "NewPasswordConfirmFailed": "Conferma la nuova password.",
    "NewPasswordSameAsOld": "La nuova password deve essere diversa dalla vecchia.",
    "Manage": "Gestire",
    "MyAccount": "Il mio account",
    "DisplayName:Abp.Account.IsSelfRegistrationEnabled": "L'auto-registrazione è abilitata",
    "Description:Abp.Account.IsSelfRegistrationEnabled": "Indica se un utente può effettuare la registrazione da solo.",
    "DisplayName:Abp.Account.EnableLocalLogin": "Autenticazione con un account locale",
    "Description:Abp.Account.EnableLocalLogin": "Indica se il server consentirà agli utenti di autenticarsi con un account locale.",
    "LoggedOutTitle": "Disconnesso",
    "LoggedOutText": "Sei stato disconnesso e verrai reindirizzato a momenti.",
    "ReturnToText": "Fai clic qui per essere reindirizzato a {0}",
    "OrLoginWith": "Oppure accedi con:",
    "ForgotPassword": "Password dimenticata?",
    "SendPasswordResetLink_Information": "Un link per reimpostare la password verrà inviato alla tua e-mail. Se non ricevi l'e-mail entro pochi minuti, riprova.",
    "PasswordResetMailSentMessage": "E-mail di recupero dell'account inviata al tuo indirizzo e-mail. Se non vedi questa e-mail nella tua posta in arrivo entro 15 minuti, cercala tra la posta indesiderata e in tal caso, contrassegna il messaggio come -No SPAM-.",
    "ResetPassword": "Resetta la password",
    "ConfirmPassword": "Conferma la password",
    "ResetPassword_Information": "Per favore inserisci la tua nuova password.",
    "YourPasswordIsSuccessfullyReset": "La tua password è stata reimpostata con successo.",
    "GoToTheApplication": "Vai all'applicazione",
    "BackToLogin": "Torna al login",
    "ProfileTab:Password": "Cambia la password",
    "ProfileTab:PersonalInfo": "Informazioni personali",
    "ReturnToApplication": "Torna all'applicazione",
    "Volo.Account:InvalidEmailAddress": "Impossibile trovare l'indirizzo e-mail: {0}",
    "PasswordReset": "Reimpostazione della password",
    "PasswordResetInfoInEmail": "Abbiamo ricevuto una richiesta di recupero dell'account! Se hai fatto tu questa richiesta fai clic sul seguente collegamento per reimpostare la password.",
    "ResetMyPassword": "Reimposta la mia password",
    "AccessDenied": "Accesso negato!",
    "AccessDeniedMessage": "Non hai accesso a questa risorsa.",
    "OrRegisterWith": "Oppure registrati con:",
    "RegisterUsingYourProviderAccount": "Registrati utilizzando il tuo account {0}",
    "RequireMigrateSeedTitle": "Impossibile trovare l'utente amministratore",
    "RequireMigrateSeedMessage": "Assicurati che il seed del database sia eseguito. Consulta la <a target=\"_blank\" href=\"https://abp.io/kb/0003\">documentazione</a> per possibili soluzioni."
  }
}