{
  "culture": "sv",
  "texts": {
    "Menu:Account": "Konto",
    "UserName": "Användarnamn",
    "EmailAddress": "E-postadress",
    "UserNameOrEmailAddress": "Användarnamn eller e-postadress",
    "Password": "Lösenord",
    "RememberMe": "Kom ihåg mig",
    "UseAnotherServiceToLogin": "Använd en annan tjänst för att logga in",
    "UserLockedOutMessage": "Användarkontot har låsts på grund av ogiltiga inloggningsförsök. Vänligen vänta ett tag och försök igen.",
    "InvalidUserNameOrPassword": "Ogiltigt användarnamn eller lösenord!",
    "LoginIsNotAllowed": "Du kan inte logga in! Ditt konto är inaktivt eller så behöver du bekräfta din e-postadress eller ditt telefonnummer.",
    "SelfRegistrationDisabledMessage": "Självregistrering är inaktiverat för denna applikation. Vänligen kontakta applikationsadministratören för att registrera en ny användare.",
    "LocalLoginDisabledMessage": "Lokal inloggning är inaktiverad för denna applikation.",
    "Login": "Logga in",
    "Cancel": "Avbryt",
    "Register": "Registrera",
    "AreYouANewUser": "Är du en ny användare?",
    "AlreadyRegistered": "Är du redan registrerad?",
    "InvalidLoginRequest": "Ogiltig inloggningsbegäran",
    "ThereAreNoLoginSchemesConfiguredForThisClient": "Det finns inga inloggningsscheman konfigurerade för den här klienten.",
    "LogInUsingYourProviderAccount": "Logga in med ditt {0}-konto",
    "DisplayName:CurrentPassword": "Aktuellt lösenord",
    "DisplayName:NewPassword": "Nytt lösenord",
    "DisplayName:NewPasswordConfirm": "Bekräfta nytt lösenord",
    "PasswordChangedMessage": "Ditt lösenord har ändrats framgångsrikt.",
    "DisplayName:UserName": "Användarnamn",
    "DisplayName:Email": "E-post",
    "DisplayName:Name": "Namn",
    "DisplayName:Surname": "Efternamn",
    "DisplayName:Password": "Lösenord",
    "DisplayName:EmailAddress": "E-postadress",
    "DisplayName:PhoneNumber": "Telefonnummer",
    "PersonalSettings": "Personliga inställningar",
    "PersonalSettingsSaved": "Personliga inställningar sparade",
    "PersonalSettingsChangedConfirmationModalTitle": "Personuppgifter ändrade",
    "PersonalSettingsChangedConfirmationModalDescription": "Ändringarna kommer att återspeglas efter att du loggat in igen. Vill du logga ut nu?",
    "PasswordChanged": "Lösenord ändrat",
    "NewPasswordConfirmFailed": "Vänligen bekräfta det nya lösenordet.",
    "NewPasswordSameAsOld": "Det nya lösenordet måste vara ett annat än det gamla.",
    "Manage": "Hantera",
    "MyAccount": "Mitt konto",
    "DisplayName:Abp.Account.IsSelfRegistrationEnabled": "Är självregistrering möjlig?",
    "Description:Abp.Account.IsSelfRegistrationEnabled": "Om en användare kan registrera kontot själv.",
    "DisplayName:Abp.Account.EnableLocalLogin": "Autentisera med ett lokalt konto",
    "Description:Abp.Account.EnableLocalLogin": "Anger om servern tillåter användare att autentisera sig med ett lokalt konto.",
    "LoggedOutTitle": "Utregistrerad",
    "LoggedOutText": "Du har blivit utloggad och kommer att omdirigeras inom kort.",
    "ReturnToText": "Klicka här för att komma tillbaka till ansökan",
    "OrLoginWith": "Eller logga in med:",
    "ForgotPassword": "Har du glömt lösenordet?",
    "SendPasswordResetLink_Information": "En länk för att återställa lösenordet kommer att skickas till din e-post för att återställa ditt lösenord. Om du inte får ett e-postmeddelande inom några minuter, försök igen.",
    "PasswordResetMailSentMessage": "E-postmeddelande om återställning av konto skickas till din e-postadress. Om du inte ser det här e-postmeddelandet i din inkorg inom 15 minuter, leta efter det i din skräppostmapp. Om du hittar det där, markera det som -Not Junk-.",
    "ResetPassword": "Återställ lösenord",
    "ConfirmPassword": "Bekräfta lösenordet",
    "ResetPassword_Information": "Ange ditt nya lösenord.",
    "YourPasswordIsSuccessfullyReset": "Ditt lösenord har återställts.",
    "GoToTheApplication": "Gå till applikationen",
    "BackToLogin": "Tillbaka till inloggning",
    "ProfileTab:Password": "Ändra lösenord",
    "ProfileTab:PersonalInfo": "Personlig information",
    "ReturnToApplication": "Återgå till ansökan",
    "Volo.Account:InvalidEmailAddress": "Kan inte hitta den angivna e-postadressen: {0}",
    "PasswordReset": "Återställning av lösenord",
    "PasswordResetInfoInEmail": "Vi har fått en begäran om återställning av konto! Om du initierade denna begäran, klicka på följande länk för att återställa ditt lösenord.",
    "ResetMyPassword": "Återställ mitt lösenord",
    "AccessDenied": "Åtkomst nekad!",
    "AccessDeniedMessage": "Du har inte tillgång till denna resurs.",
    "OrRegisterWith": "Eller registrera dig med",
    "RegisterUsingYourProviderAccount": "Registrera dig med ditt {0} konto",
    "RequireMigrateSeedTitle": "Kunde inte hitta administratörsanvändaren",
    "RequireMigrateSeedMessage": "Se till att databasens seed körs. Se <a target=\"_blank\" href=\"https://abp.io/kb/0003\">dokumentationen</a> för möjliga lösningar."
  }
}