{
  "culture": "zh-Hans",
  "texts": {
    "Menu:Account": "账户",
    "UserName": "用户名",
    "EmailAddress": "电子邮件地址",
    "UserNameOrEmailAddress": "用户名或电子邮件地址",
    "Password": "密码",
    "RememberMe": "记住我",
    "UseAnotherServiceToLogin": "使用其他服务登录",
    "UserLockedOutMessage": "由于尝试登录无效，用户账户已被锁定。请稍候再试。",
    "InvalidUserNameOrPassword": "用户名或密码无效！",
    "LoginIsNotAllowed": "您不能登录！您的帐户未激活或需要确认您的电子邮件/电话号码。",
    "SelfRegistrationDisabledMessage": "应用程序未开放注册。请联系应用程序管理员注册新用户。",
    "LocalLoginDisabledMessage": "应用程序禁用本地登录。",
    "Login": "登录",
    "Cancel": "取消",
    "Register": "注册",
    "AreYouANewUser": "您是新用户吗？",
    "AlreadyRegistered": "已经注册？",
    "InvalidLoginRequest": "登录请求无效",
    "ThereAreNoLoginSchemesConfiguredForThisClient": "该客户端未配置登录方案。",
    "LogInUsingYourProviderAccount": "使用您的 {0} 账户登录",
    "DisplayName:CurrentPassword": "当前密码",
    "DisplayName:NewPassword": "新密码",
    "DisplayName:NewPasswordConfirm": "确认新密码",
    "PasswordChangedMessage": "您的密码已成功更改。",
    "DisplayName:UserName": "用户名",
    "DisplayName:Email": "电子邮件",
    "DisplayName:Name": "名称",
    "DisplayName:Surname": "姓氏",
    "DisplayName:Password": "密码",
    "DisplayName:EmailAddress": "电子邮件地址",
    "DisplayName:PhoneNumber": "电话号码",
    "PersonalSettings": "个人设置",
    "PersonalSettingsSaved": "保存个人设置",
    "PersonalSettingsChangedConfirmationModalTitle": "个人信息已更改",
    "PersonalSettingsChangedConfirmationModalDescription": "如果要应用这些更改，您必须先登录。要退出吗？",
    "PasswordChanged": "密码已更改",
    "NewPasswordConfirmFailed": "请确认新密码。",
    "NewPasswordSameAsOld": "新密码必须与旧密码不同。",
    "Manage": "管理",
    "MyAccount": "我的账户",
    "DisplayName:Abp.Account.IsSelfRegistrationEnabled": "是否启用了自行注册",
    "Description:Abp.Account.IsSelfRegistrationEnabled": "用户是否可以自己注册账户。",
    "DisplayName:Abp.Account.EnableLocalLogin": "使用本地账户进行身份验证",
    "Description:Abp.Account.EnableLocalLogin": "表示服务器是否允许用户使用本地账户进行身份验证。",
    "LoggedOutTitle": "注销",
    "LoggedOutText": "您已注销，很快将重新定向。",
    "ReturnToText": "单击此处返回应用",
    "OrLoginWith": "或使用以下方式登录",
    "ForgotPassword": "忘记密码？",
    "SendPasswordResetLink_Information": "您的电子邮件中将收到重置密码的链接。如果您在几分钟内没有收到电子邮件，请重试。",
    "PasswordResetMailSentMessage": "帐户恢复电子邮件已发送到您的电子邮箱。如果您在 15 分钟内未在收件箱中看到此电子邮件，请在垃圾邮件文件夹中查找。如果在那里找到，请将其标记为 \"非垃圾邮件\"。",
    "ResetPassword": "重置密码",
    "ConfirmPassword": "确认密码",
    "ResetPassword_Information": "请输入您的新密码。",
    "YourPasswordIsSuccessfullyReset": "您的密码重置成功。",
    "GoToTheApplication": "转到应用程序",
    "BackToLogin": "返回登录",
    "ProfileTab:Password": "更改密码",
    "ProfileTab:PersonalInfo": "个人信息",
    "ReturnToApplication": "返回应用",
    "Volo.Account:InvalidEmailAddress": "无法找到给定的电子邮件地址：{0}",
    "PasswordReset": "密码重置",
    "PasswordResetInfoInEmail": "我们收到了账户恢复请求！如果您发起了该请求，请单击以下链接重置密码。",
    "ResetMyPassword": "重置密码",
    "AccessDenied": "拒绝访问！",
    "AccessDeniedMessage": "您无法访问此资源。",
    "OrRegisterWith": "或注册",
    "RegisterUsingYourProviderAccount": "使用您的 {0} 账户注册",
    "RequireMigrateSeedTitle": "找不到管理员用户",
    "RequireMigrateSeedMessage": "请确保已执行数据库种子数据。查看<a target=\"_blank\" href=\"https://abp.io/kb/0003\">文档</a>了解可能的解决方案。"
  }
}