{
  "name": "Volo.CmsKit.EntityFrameworkCore",
  "hash": "",
  "contents": [
    {
      "namespace": "Volo.CmsKit.EntityFrameworkCore",
      "dependsOnModules": [
        {
          "declaringAssemblyName": "Volo.CmsKit.Domain",
          "namespace": "Volo.CmsKit",
          "name": "CmsKitDomainModule"
        },
        {
          "declaringAssemblyName": "Volo.Abp.Users.EntityFrameworkCore",
          "namespace": "Volo.Abp.Users.EntityFrameworkCore",
          "name": "AbpUsersEntityFrameworkCoreModule"
        },
        {
          "declaringAssemblyName": "Volo.Abp.EntityFrameworkCore",
          "namespace": "Volo.Abp.EntityFrameworkCore",
          "name": "AbpEntityFrameworkCoreModule"
        }
      ],
      "implementingInterfaces": [
        {
          "name": "IAbpModule",
          "namespace": "Volo.Abp.Modularity",
          "declaringAssemblyName": "Volo.Abp.Core",
          "fullName": "Volo.Abp.Modularity.IAbpModule"
        },
        {
          "name": "IOnPreApplicationInitialization",
          "namespace": "Volo.Abp.Modularity",
          "declaringAssemblyName": "Volo.Abp.Core",
          "fullName": "Volo.Abp.Modularity.IOnPreApplicationInitialization"
        },
        {
          "name": "IOnApplicationInitialization",
          "namespace": "Volo.Abp",
          "declaringAssemblyName": "Volo.Abp.Core",
          "fullName": "Volo.Abp.IOnApplicationInitialization"
        },
        {
          "name": "IOnPostApplicationInitialization",
          "namespace": "Volo.Abp.Modularity",
          "declaringAssemblyName": "Volo.Abp.Core",
          "fullName": "Volo.Abp.Modularity.IOnPostApplicationInitialization"
        },
        {
          "name": "IOnApplicationShutdown",
          "namespace": "Volo.Abp",
          "declaringAssemblyName": "Volo.Abp.Core",
          "fullName": "Volo.Abp.IOnApplicationShutdown"
        },
        {
          "name": "IPreConfigureServices",
          "namespace": "Volo.Abp.Modularity",
          "declaringAssemblyName": "Volo.Abp.Core",
          "fullName": "Volo.Abp.Modularity.IPreConfigureServices"
        },
        {
          "name": "IPostConfigureServices",
          "namespace": "Volo.Abp.Modularity",
          "declaringAssemblyName": "Volo.Abp.Core",
          "fullName": "Volo.Abp.Modularity.IPostConfigureServices"
        }
      ],
      "contentType": "abpModule",
      "name": "CmsKitEntityFrameworkCoreModule",
      "summary": null
    },
    {
      "namespace": "Volo.CmsKit.EntityFrameworkCore",
      "connectionStringName": "CmsKit",
      "databaseTables": [
        {
          "entityFullName": "Volo.CmsKit.Comments.Comment",
          "contentType": "databaseTable",
          "name": "Comments",
          "summary": null
        },
        {
          "entityFullName": "Volo.CmsKit.Users.CmsUser",
          "contentType": "databaseTable",
          "name": "User",
          "summary": null
        },
        {
          "entityFullName": "Volo.CmsKit.Reactions.UserReaction",
          "contentType": "databaseTable",
          "name": "Reactions",
          "summary": null
        },
        {
          "entityFullName": "Volo.CmsKit.Ratings.Rating",
          "contentType": "databaseTable",
          "name": "Ratings",
          "summary": null
        },
        {
          "entityFullName": "Volo.CmsKit.Tags.Tag",
          "contentType": "databaseTable",
          "name": "Tags",
          "summary": null
        },
        {
          "entityFullName": "Volo.CmsKit.Tags.EntityTag",
          "contentType": "databaseTable",
          "name": "EntityTags",
          "summary": null
        },
        {
          "entityFullName": "Volo.CmsKit.Pages.Page",
          "contentType": "databaseTable",
          "name": "Pages",
          "summary": null
        },
        {
          "entityFullName": "Volo.CmsKit.Blogs.Blog",
          "contentType": "databaseTable",
          "name": "Blogs",
          "summary": null
        },
        {
          "entityFullName": "Volo.CmsKit.Blogs.BlogPost",
          "contentType": "databaseTable",
          "name": "BlogPosts",
          "summary": null
        },
        {
          "entityFullName": "Volo.CmsKit.Blogs.BlogFeature",
          "contentType": "databaseTable",
          "name": "BlogFeatures",
          "summary": null
        },
        {
          "entityFullName": "Volo.CmsKit.MediaDescriptors.MediaDescriptor",
          "contentType": "databaseTable",
          "name": "MediaDescriptors",
          "summary": null
        },
        {
          "entityFullName": "Volo.CmsKit.Menus.MenuItem",
          "contentType": "databaseTable",
          "name": "MenuItems",
          "summary": null
        },
        {
          "entityFullName": "Volo.CmsKit.GlobalResources.GlobalResource",
          "contentType": "databaseTable",
          "name": "GlobalResources",
          "summary": null
        },
        {
          "entityFullName": "Volo.CmsKit.MarkedItems.UserMarkedItem",
          "contentType": "databaseTable",
          "name": "UserMarkedItems",
          "summary": null
        }
      ],
      "replacedDbContexts": [],
      "modelBuilderExtensionMethods": [
        {
          "returnType": "Void",
          "namespace": "Volo.CmsKit.EntityFrameworkCore",
          "name": "ConfigureCmsKit",
          "summary": null,
          "isAsync": false,
          "isPublic": true,
          "isPrivate": false,
          "isStatic": true,
          "parameters": [
            {
              "type": "ModelBuilder",
              "name": "builder",
              "isOptional": false
            }
          ]
        }
      ],
      "implementingInterfaces": [
        {
          "name": "IInfrastructure<IServiceProvider>",
          "namespace": "Microsoft.EntityFrameworkCore.Infrastructure",
          "declaringAssemblyName": "Microsoft.EntityFrameworkCore",
          "fullName": "Microsoft.EntityFrameworkCore.Infrastructure.IInfrastructure<IServiceProvider>"
        },
        {
          "name": "IDbContextDependencies",
          "namespace": "Microsoft.EntityFrameworkCore.Internal",
          "declaringAssemblyName": "Microsoft.EntityFrameworkCore",
          "fullName": "Microsoft.EntityFrameworkCore.Internal.IDbContextDependencies"
        },
        {
          "name": "IDbSetCache",
          "namespace": "Microsoft.EntityFrameworkCore.Internal",
          "declaringAssemblyName": "Microsoft.EntityFrameworkCore",
          "fullName": "Microsoft.EntityFrameworkCore.Internal.IDbSetCache"
        },
        {
          "name": "IDbContextPoolable",
          "namespace": "Microsoft.EntityFrameworkCore.Internal",
          "declaringAssemblyName": "Microsoft.EntityFrameworkCore",
          "fullName": "Microsoft.EntityFrameworkCore.Internal.IDbContextPoolable"
        },
        {
          "name": "IResettableService",
          "namespace": "Microsoft.EntityFrameworkCore.Infrastructure",
          "declaringAssemblyName": "Microsoft.EntityFrameworkCore",
          "fullName": "Microsoft.EntityFrameworkCore.Infrastructure.IResettableService"
        },
        {
          "name": "IDisposable",
          "namespace": "System",
          "declaringAssemblyName": "System.Private.CoreLib",
          "fullName": "System.IDisposable"
        },
        {
          "name": "IAsyncDisposable",
          "namespace": "System",
          "declaringAssemblyName": "System.Private.CoreLib",
          "fullName": "System.IAsyncDisposable"
        },
        {
          "name": "IAbpEfCoreDbContext",
          "namespace": "Volo.Abp.EntityFrameworkCore",
          "declaringAssemblyName": "Volo.Abp.EntityFrameworkCore",
          "fullName": "Volo.Abp.EntityFrameworkCore.IAbpEfCoreDbContext"
        },
        {
          "name": "IEfCoreDbContext",
          "namespace": "Volo.Abp.EntityFrameworkCore",
          "declaringAssemblyName": "Volo.Abp.EntityFrameworkCore",
          "fullName": "Volo.Abp.EntityFrameworkCore.IEfCoreDbContext"
        },
        {
          "name": "IAbpEfCoreDbFunctionContext",
          "namespace": "Volo.Abp.EntityFrameworkCore.GlobalFilters",
          "declaringAssemblyName": "Volo.Abp.EntityFrameworkCore",
          "fullName": "Volo.Abp.EntityFrameworkCore.GlobalFilters.IAbpEfCoreDbFunctionContext"
        },
        {
          "name": "ITransientDependency",
          "namespace": "Volo.Abp.DependencyInjection",
          "declaringAssemblyName": "Volo.Abp.Core",
          "fullName": "Volo.Abp.DependencyInjection.ITransientDependency"
        },
        {
          "name": "ICmsKitDbContext",
          "namespace": "Volo.CmsKit.EntityFrameworkCore",
          "declaringAssemblyName": "Volo.CmsKit.EntityFrameworkCore",
          "fullName": "Volo.CmsKit.EntityFrameworkCore.ICmsKitDbContext"
        }
      ],
      "contentType": "efCoreDbContext",
      "name": "CmsKitDbContext",
      "summary": null
    }
  ]
}