{
  "culture": "hr",
  "texts": {
    "Menu:IdentityManagement": "Upravljanje identitetom",
    "Users": "Users",
    "NewUser": "Novi korisnik",
    "UserName": "Korisničko ime",
    "Surname": "Prezime",
    "EmailAddress": "Email adresa",
    "PhoneNumber": "Broj telefona",
    "UserInformations": "Informacije o Korisniku",
    "DisplayName:IsDefault": "Zadano",
    "DisplayName:IsStatic": "Je statično",
    "DisplayName:IsPublic": "Je javno",
    "Roles": "Uloge",
    "Password": "Lozinka",
    "PersonalInfo": "Moj profil",
    "PersonalSettings": "Osobne postavke",
    "UserDeletionConfirmationMessage": "Korisnik '{0}' bit će izbrisan. Potvrđujete li to?",
    "RoleDeletionConfirmationMessage": "Uloga '{0}' bit će izbrisana. Potvrđujete li to?",
    "DisplayName:RoleName": "Naziv uloge",
    "DisplayName:UserName": "Korisničko ime",
    "DisplayName:Name": "Ime",
    "DisplayName:Surname": "Prezime",
    "DisplayName:Password": "Lozinka",
    "DisplayName:Email": "Email adresa",
    "DisplayName:PhoneNumber": "Broj telefona",
    "DisplayName:TwoFactorEnabled": "Two factor verifikacija",
    "DisplayName:IsActive": "Aktivan",
    "DisplayName:LockoutEnabled": "Zaključavanje računa",
    "Description:LockoutEnabled": "Zaključaj račun nakon neuspješnih pokušaja prijave",
    "NewRole": "Nova uloga",
    "RoleName": "Naziv uloge",
    "CreationTime": "Vrijeme stvaranja",
    "Permissions": "Dozvole",
    "DisplayName:CurrentPassword": "Trenutna lozinka",
    "DisplayName:NewPassword": "Nova lozinka",
    "DisplayName:NewPasswordConfirm": "Potvrdi novu lozinku",
    "PasswordChangedMessage": "Vaša lozinka je uspješno promijenjena.",
    "PersonalSettingsSavedMessage": "Vaše osobne postavke su uspješno spremljene.",
    "Volo.Abp.Identity:DefaultError": "Došlo je do neočekivane greške.",
    "Volo.Abp.Identity:ConcurrencyFailure": "Provjera optimistične paralelnosti nije uspjela. Entitet na kojem radite izmijenio je drugi korisnik. Molimo odbacite promjene i pokušajte ponovno.",
    "Volo.Abp.Identity:DuplicateEmail": "Email '{0}' je već zauzet.",
    "Volo.Abp.Identity:DuplicateRoleName": "Naziv uloge '{0}' već je zauzet.",
    "Volo.Abp.Identity:DuplicateUserName": "Korisničko ime '{0}' je već zauzeto.",
    "Volo.Abp.Identity:InvalidEmail": "E-pošta '{0}' nije važeća.",
    "Volo.Abp.Identity:InvalidPasswordHasherCompatibilityMode": "Navedeni PasswordHasherCompatibilityMode je nevažeći.",
    "Volo.Abp.Identity:InvalidPasswordHasherIterationCount": "Broj ponavljanja mora biti pozitivan cijeli broj.",
    "Volo.Abp.Identity:InvalidRoleName": "Naziv uloge '{0}' nije valjan.",
    "Volo.Abp.Identity:InvalidToken": "Pogrešan token.",
    "Volo.Abp.Identity:InvalidUserName": "Korisničko ime '{0}' nije važeće.",
    "Volo.Abp.Identity:LoginAlreadyAssociated": "Korisnik s ovom prijavom već postoji.",
    "Volo.Abp.Identity:PasswordMismatch": "Netočna lozinka.",
    "Volo.Abp.Identity:PasswordRequiresDigit": "Lozinke moraju imati najmanje jednu znamenku ('0'-'9').",
    "Volo.Abp.Identity:PasswordRequiresLower": "Zaporke moraju imati barem jedno malo slovo ('a'-'z').",
    "Volo.Abp.Identity:PasswordRequiresNonAlphanumeric": "Lozinke moraju imati barem jedan znak koji nije alfanumerički.",
    "Volo.Abp.Identity:PasswordRequiresUpper": "Lozinke moraju imati barem jedno veliko slovo ('A'-'Z').",
    "Volo.Abp.Identity:PasswordTooShort": "Zaporke moraju imati najmanje {0} znakova.",
    "Volo.Abp.Identity:PasswordRequiresUniqueChars": "Lozinke ne smiju sadržavati više od {0} uzastopnih jednakih znakova.",
    "Volo.Abp.Identity:RoleNotFound": "Uloga {0} ne postoji.",
    "Volo.Abp.Identity:UserAlreadyHasPassword": "Korisnik već ima postavljenu lozinku.",
    "Volo.Abp.Identity:UserAlreadyInRole": "Korisnik je već u ulozi '{0}'.",
    "Volo.Abp.Identity:UserLockedOut": "Korisnik je zaključan.",
    "Volo.Abp.Identity:UserLockoutNotEnabled": "Zaključavanje nije omogućeno za ovog korisnika.",
    "Volo.Abp.Identity:UserNameNotFound": "Korisnik {0} ne postoji.",
    "Volo.Abp.Identity:UserNotInRole": "Korisnik nije u ulozi '{0}'.",
    "Volo.Abp.Identity:PasswordConfirmationFailed": "Lozinka ne odgovara lozinci za potvrdu.",
    "Volo.Abp.Identity:NullSecurityStamp": "Sigurnosna oznaka korisnika ne može biti nula.",
    "Volo.Abp.Identity:RecoveryCodeRedemptionFailed": "Kod oporavka nije moguće iskoristiti.",
    "Volo.Abp.Identity:010001": "Ne možete izbrisati vlastiti račun!",
    "Volo.Abp.Identity:010002": "Ne možete postaviti više od {MaxUserMembershipCount} organizacijske jedinice za korisnika!",
    "Volo.Abp.Identity:010003": "Nije moguće promijeniti lozinku eksterno prijavljenog korisnika!",
    "Volo.Abp.Identity:010004": "Već postoji organizacijska jedinica s imenom {0}. Dvije jedinice s istim imenom ne mogu se stvoriti na istoj razini.",
    "Volo.Abp.Identity:010005": "Statičke uloge nije moguće preimenovati.",
    "Volo.Abp.Identity:010006": "Statičke uloge nije moguće izbrisati.",
    "Volo.Abp.Identity:010007": "Ne možete promijeniti postavku dva faktora.",
    "Volo.Abp.Identity:010008": "Nije dopušteno mijenjati postavke dvofaktorske autentifikacije.",
    "Volo.Abp.Identity:010009": "Ne možete delegirati sami sebi.",
    "Volo.Abp.Identity:010021": "Naziv '{0}' već postoji.",
    "Volo.Abp.Identity:010022": "Ne možete ažurirati statički tip deklaracije.",
    "Volo.Abp.Identity:010023": "Ne možete izbrisati statički tip deklaracije.",
    "Identity.OrganizationUnit.MaxUserMembershipCount": "Maksimalni dopušteni broj članstva u organizacijskoj jedinici za korisnika",
    "ThisUserIsNotActiveMessage": "Ovaj korisnik nije aktivan.",
    "Permission:IdentityManagement": "Upravljanje identitetom",
    "Permission:RoleManagement": "Upravljanje ulogama",
    "Permission:Create": "Stvoriti",
    "Permission:Edit": "Uredi",
    "Permission:Delete": "Izbrisati",
    "Permission:ChangePermissions": "Promjena dopuštenja",
    "Permission:ManageRoles": "Upravljanje ulogama",
    "Permission:UserManagement": "Upravljanje korisnicima",
    "Permission:UserLookup": "Traženje korisnika",
    "DisplayName:Abp.Identity.Password.RequiredLength": "Potrebna dužina",
    "DisplayName:Abp.Identity.Password.RequiredUniqueChars": "Potreban broj jedinstvenih znakova",
    "DisplayName:Abp.Identity.Password.RequireNonAlphanumeric": "Potreban znak koji nije alfanumerički",
    "DisplayName:Abp.Identity.Password.RequireLowercase": "Obavezno malo slovo",
    "DisplayName:Abp.Identity.Password.RequireUppercase": "Obavezno veliko slovo",
    "DisplayName:Abp.Identity.Password.RequireDigit": "Obavezna znamenka",
    "DisplayName:Abp.Identity.Password.ForceUsersToPeriodicallyChangePassword": "Prisilite korisnike da periodično mijenjaju lozinku",
    "DisplayName:Abp.Identity.Password.PasswordChangePeriodDays": "Period promjene lozinke (dana)",
    "DisplayName:Abp.Identity.Lockout.AllowedForNewUsers": "Omogućeno za nove korisnike",
    "DisplayName:Abp.Identity.Lockout.LockoutDuration": "Trajanje zaključavanja (sekunde)",
    "DisplayName:Abp.Identity.Lockout.MaxFailedAccessAttempts": "Maksimalan broj neuspjelih pokušaja pristupa",
    "DisplayName:Abp.Identity.SignIn.RequireConfirmedEmail": "Potrebna provjera e-pošte za prijavu",
    "DisplayName:Abp.Identity.SignIn.EnablePhoneNumberConfirmation": "Dopusti korisnicima potvrdu njihovog telefonskog broja",
    "DisplayName:Abp.Identity.SignIn.RequireConfirmedPhoneNumber": "Potrebna provjera telefonskog broja za prijavu",
    "DisplayName:Abp.Identity.User.IsUserNameUpdateEnabled": "Dopusti korisnicima promjenu korisničkih imena",
    "DisplayName:Abp.Identity.User.IsEmailUpdateEnabled": "Dopustite korisnicima da mijenjaju svoje adrese e-pošte",
    "Description:Abp.Identity.Password.RequiredLength": "Minimalna duljina lozinke.",
    "Description:Abp.Identity.Password.RequiredUniqueChars": "Najmanji broj jedinstvenih znakova koje lozinka mora sadržavati.",
    "Description:Abp.Identity.Password.RequireNonAlphanumeric": "Ako lozinke moraju sadržavati nealfanumerički znak.",
    "Description:Abp.Identity.Password.RequireLowercase": "Ako lozinke moraju sadržavati mali ASCII znak.",
    "Description:Abp.Identity.Password.RequireUppercase": "Ako lozinke moraju sadržavati veliki ASCII znak.",
    "Description:Abp.Identity.Password.RequireDigit": "Ako lozinke moraju sadržavati znamenku.",
    "Description:Abp.Identity.Password.ForceUsersToPeriodicallyChangePassword": "Ako se korisnici moraju periodično mijenjati lozinku.",
    "Description:Abp.Identity.Password.PasswordChangePeriodDays": "Period u danima nakon kojeg se korisnici moraju promijeniti lozinku.",
    "Description:Abp.Identity.Lockout.AllowedForNewUsers": "Može li se novi korisnik zaključati.",
    "Description:Abp.Identity.Lockout.LockoutDuration": "Trajanje koliko je korisnik zaključan kada dođe do zaključavanja.",
    "Description:Abp.Identity.Lockout.MaxFailedAccessAttempts": "Broj dopuštenih neuspjelih pokušaja pristupa prije nego što se korisnik zaključa, pod pretpostavkom da je zaključavanje omogućeno.",
    "Description:Abp.Identity.SignIn.RequireConfirmedEmail": "Korisnici mogu stvoriti račune, ali se ne mogu prijaviti dok ne potvrde svoju e-mail adresu.",
    "Description:Abp.Identity.SignIn.EnablePhoneNumberConfirmation": "Korisnici mogu potvrditi svoje telefonske brojeve. Potrebna je SMS integracija.",
    "Description:Abp.Identity.SignIn.RequireConfirmedPhoneNumber": "Korisnici mogu stvoriti račune, ali se ne mogu prijaviti dok ne potvrde svoj telefonski broj.",
    "Description:Abp.Identity.User.IsUserNameUpdateEnabled": "Može li korisnik ažurirati korisničko ime.",
    "Description:Abp.Identity.User.IsEmailUpdateEnabled": "Može li korisnik ažurirati e-poštu.",
    "DisplayName:Abp.Identity.SignIn.RequireEmailVerificationToRegister": "Zahtijevaj verifikaciju e-pošte za registraciju",
    "Description:Abp.Identity.SignIn.RequireEmailVerificationToRegister": "Računi korisnika neće se stvarati ako ne potvrde svoje e-mail adrese.",
    "Details": "Detalji",
    "CreatedBy": "Napravio",
    "ModifiedBy": "Izmijenio",
    "ModificationTime": "Vrijeme izmjene",
    "PasswordUpdateTime": "Vrijeme ažuriranja lozinke",
    "LockoutEndTime": "Vrijeme završetka zaključavanja",
    "FailedAccessCount": "Broj neuspjelih pristupa"
  }
}
