{
  "culture": "is",
  "texts": {
    "Menu:IdentityManagement": "Auðkennis stjórnun",
    "Users": "Notendur",
    "NewUser": "Nýr notandi",
    "UserName": "Notandanafn",
    "Surname": "Eftirnafn",
    "EmailAddress": "Netfang",
    "PhoneNumber": "Símanúmer",
    "UserInformations": "Notandaupplýsingar",
    "DisplayName:IsDefault": "Sjálfgefið",
    "DisplayName:IsStatic": "Static",
    "DisplayName:IsPublic": "Opinbert",
    "Roles": "Hlutverk",
    "Password": "Lykilorð",
    "PersonalInfo": "Sniðmátið mitt",
    "PersonalSettings": "Mínar stillingar",
    "UserDeletionConfirmationMessage": "Notandi '{0}' verður eytt. Viltu staðfesta það?",
    "RoleDeletionConfirmationMessage": "Hlutverki '{0}' verður eytt. Viltu staðfersta það?",
    "DisplayName:RoleName": "Nafn hlutverks",
    "DisplayName:UserName": "Notandanafn",
    "DisplayName:Name": "Nafn",
    "DisplayName:Surname": "Eftirnafn",
    "DisplayName:Password": "Lykilorð",
    "DisplayName:Email": "Netfang",
    "DisplayName:PhoneNumber": "Símanúmer",
    "DisplayName:TwoFactorEnabled": "Tvíþætt sannprófun",
    "DisplayName:IsActive": "Virkur",
    "DisplayName:LockoutEnabled": "Loka reikningi",
    "Description:LockoutEnabled": "Loka reikningi eftir misheppnaðar innskráningar tilraunir",
    "NewRole": "Nýtt hlutverk",
    "RoleName": "Nafn hlutverks",
    "CreationTime": "Búið til",
    "Permissions": "Heimildir",
    "DisplayName:CurrentPassword": "Núverandi lykilorð",
    "DisplayName:NewPassword": "Nýtt lykilorð",
    "DisplayName:NewPasswordConfirm": "Staðfesta nýtt lykilorð",
    "PasswordChangedMessage": "Lykilorðinu þínu hefur verið breytt.",
    "PersonalSettingsSavedMessage": "Stillingarnar þínar hafa verið vistaðar",
    "Volo.Abp.Identity:DefaultError": "Óþekkt villa hefur komið upp.",
    "Volo.Abp.Identity:ConcurrencyFailure": "Bjartsýn samhliðaskoðun hefur mistekist. Einingin sem þú ert að vinna á hefur breytt af öðrum notanda. Vinsamlegast fargaðu breytingunum og reyndu aftur.",
    "Volo.Abp.Identity:DuplicateEmail": "Netfang '{0}' er nú þegar í notkun.",
    "Volo.Abp.Identity:DuplicateRoleName": "Hlutverkanafn '{0}' nú þegar til.",
    "Volo.Abp.Identity:DuplicateUserName": "Notandanafn '{0}' er nú þegar í notkun.",
    "Volo.Abp.Identity:InvalidEmail": "Netfang '{0}' er ekki gilt.",
    "Volo.Abp.Identity:InvalidPasswordHasherCompatibilityMode": "Uppgefið PasswordHasherCompatibilityMode er ógilt.",
    "Volo.Abp.Identity:InvalidPasswordHasherIterationCount": "Talning endurtekningar verður að vera jákvæð heil tala.",
    "Volo.Abp.Identity:InvalidRoleName": "Hlutverkanafnið '{0}' er ógilt.",
    "Volo.Abp.Identity:InvalidToken": "Ógilt token.",
    "Volo.Abp.Identity:InvalidUserName": "Notandanafnið '{0}' er ógilt.",
    "Volo.Abp.Identity:LoginAlreadyAssociated": "Notandi með þessa innskráningu er þegar til.",
    "Volo.Abp.Identity:PasswordMismatch": "Rangt lykilorð.",
    "Volo.Abp.Identity:PasswordRequiresDigit": "Lykilorð verða að hafa að minnsta kosti einn staf ('0'-'9').",
    "Volo.Abp.Identity:PasswordRequiresLower": "Lykilorð verða að hafa að minnsta kosti eitt lágstaf ('a'-'z').",
    "Volo.Abp.Identity:PasswordRequiresNonAlphanumeric": "Lykilorð verða að hafa að minnsta kosti einn staflausan staf.",
    "Volo.Abp.Identity:PasswordRequiresUpper": "Lykilorð verða að hafa að minnsta kosti eina hástafi ('A'-'Z').",
    "Volo.Abp.Identity:PasswordTooShort": "Lykilorð verða að vera að minnsta kosti {0} stafir.",
    "Volo.Abp.Identity:PasswordRequiresUniqueChars": "Lykilorð verða að innihalda að minnsta kosti {0} einstaka stafi.",
    "Volo.Abp.Identity:RoleNotFound": "Hlutverk {0} er ekki til.",
    "Volo.Abp.Identity:UserAlreadyHasPassword": "Notandi hefur þegar stillt lykilorð.",
    "Volo.Abp.Identity:UserAlreadyInRole": "Notandi þegar í hlutverkinu '{0}'.",
    "Volo.Abp.Identity:UserLockedOut": "Notandi er læstur út.",
    "Volo.Abp.Identity:UserLockoutNotEnabled": "Lokun er ekki virk fyrir þennan notanda.",
    "Volo.Abp.Identity:UserNameNotFound": "Notandi {0} er ekki til.",
    "Volo.Abp.Identity:UserNotInRole": "Notandi er ekki í hlutverkinu '{0}'.",
    "Volo.Abp.Identity:PasswordConfirmationFailed": "Lykilorð passar ekki við staðfest lykilorð.",
    "Volo.Abp.Identity:NullSecurityStamp": "Öryggisstimpill notanda getur ekki verið null.",
    "Volo.Abp.Identity:RecoveryCodeRedemptionFailed": "Endurnýjunarkóði var ekki endurnýjað.",
    "Volo.Abp.Identity:010001": "Þú getur ekki eytt þínum eigin reikningi!",
    "Volo.Abp.Identity:010002": "Get ekki stillt meira en {MaxUserMembershipCount} skipulagseiningu fyrir notanda!",
    "Volo.Abp.Identity:010003": "Get ekki breytt lykilorði utanaðkomandi skráða notanda!",
    "Volo.Abp.Identity:010004": "Það er þegar til skipulagseining með nafninu {0}. Ekki er hægt að búa til tvær einingar með sama nafni á sama stigi.",
    "Volo.Abp.Identity:010005": "Ekki er hægt að endurnefna static hlutverk.",
    "Volo.Abp.Identity:010006": "Ekki er hægt að eyða static hlutverkum.",
    "Volo.Abp.Identity:010007": "Þú getur ekki breytt tveggja þátta stillingu þinni.",
    "Volo.Abp.Identity:010008": "Það er ekki leyfilegt að breyta tvíþátta stillingu.",
    "Volo.Abp.Identity:010009": "Þú getur ekki delegað þér sjálfum.",
    "Volo.Abp.Identity:010021": "Nafnið '{0}' er þegar í notkun.",
    "Volo.Abp.Identity:010022": "Ekki er hægt að breyta static hlutverk.",
    "Volo.Abp.Identity:010023": "Ekki er hægt að eyða static hlutverkum.",
    "Identity.OrganizationUnit.MaxUserMembershipCount": "Hámarks leyfileg fjöldi aðildar að skipulagseiningu fyrir notanda",
    "ThisUserIsNotActiveMessage": "Þessi notandi er ekki virkur.",
    "Permission:IdentityManagement": "Auðkenninga umsjón",
    "Permission:RoleManagement": "Hlutverka umsjón",
    "Permission:Create": "Búa til",
    "Permission:Edit": "Breyta",
    "Permission:Delete": "Eyða",
    "Permission:ChangePermissions": "Breyta heimildum",
    "Permission:ManageRoles": "Hlutverka umsjón",
    "Permission:UserManagement": "Notanda umsjón",
    "Permission:UserLookup": "Leita að notanda",
    "DisplayName:Abp.Identity.Password.RequiredLength": "Nauðsynleg lengdh",
    "DisplayName:Abp.Identity.Password.RequiredUniqueChars": "Nauðsynlegur fjöldi einstakra stafa",
    "DisplayName:Abp.Identity.Password.RequireNonAlphanumeric": "Nauðsynlegt að hafa tölustaf",
    "DisplayName:Abp.Identity.Password.RequireLowercase": "Nauðsynlegt að hafa lágstaf",
    "DisplayName:Abp.Identity.Password.RequireUppercase": "Nauðsynlegt að hafa hágstaf",
    "DisplayName:Abp.Identity.Password.RequireDigit": "Nauðsynlegt að hafa tölustaf",
    "DisplayName:Abp.Identity.Password.ForceUsersToPeriodicallyChangePassword": "Þvinga notendur til að breyta lykilorði á ákveðnum tímabilum",
    "DisplayName:Abp.Identity.Password.PasswordChangePeriodDays": "Tímabil á milli lykilorðabreytinga (dagar)",
    "DisplayName:Abp.Identity.Lockout.AllowedForNewUsers": "Virkt fyrir nýja notendur",
    "DisplayName:Abp.Identity.Lockout.LockoutDuration": "Lengd lokunar (sekúndur)",
    "DisplayName:Abp.Identity.Lockout.MaxFailedAccessAttempts": "Hámarks misheppnaðra aðgangsstilrauna",
    "DisplayName:Abp.Identity.SignIn.RequireConfirmedEmail": "Krefjast staðfestingar á tölvupósti fyrir innskráningu",
    "DisplayName:Abp.Identity.SignIn.EnablePhoneNumberConfirmation": "Leyfa notendum að staðfesta símanúmer sitt",
    "DisplayName:Abp.Identity.SignIn.RequireConfirmedPhoneNumber": "Krefjast staðfestingar á símanúmeri fyrir innskráningu",
    "DisplayName:Abp.Identity.User.IsUserNameUpdateEnabled": "Leyfa notendum að breyta notendanöfnum sínum",
    "DisplayName:Abp.Identity.User.IsEmailUpdateEnabled": "Leyfa notendum að breyta netföngum sínum",
    "Description:Abp.Identity.Password.RequiredLength": "Lágmarkslengd lykilorðs verður að vera.",
    "Description:Abp.Identity.Password.RequiredUniqueChars": "Lágmarksfjöldi einstakra stafi sem lykilorð verður að innihalda.",
    "Description:Abp.Identity.Password.RequireNonAlphanumeric": "Ef lykilorð verða að innihalda staflausan staf.",
    "Description:Abp.Identity.Password.RequireLowercase": "Ef lykilorð verða að innihalda lágstaf ASCII staf.",
    "Description:Abp.Identity.Password.RequireUppercase": "Ef lykilorð verða að innihalda hástafi ASCII staf.",
    "Description:Abp.Identity.Password.RequireDigit": "Ef lykilorð verða að innihalda tölustaf.",
    "Description:Abp.Identity.Password.ForceUsersToPeriodicallyChangePassword": "Hvort notendur verði að breyta lykilorði á ákveðnum tímabilum.",
    "Description:Abp.Identity.Password.PasswordChangePeriodDays": "Tímabil á milli lykilorðabreytinga (dagar).",
    "Description:Abp.Identity.Lockout.AllowedForNewUsers": "Hvort hægt sé að læsa nýjum notanda.",
    "Description:Abp.Identity.Lockout.LockoutDuration": "Tímalengd þess að notandi er læstur úti þegar lokun á sér stað.",
    "Description:Abp.Identity.Lockout.MaxFailedAccessAttempts": "Fjöldi misheppnaðra aðgangstilrauna sem leyfður er áður en notandi er læstur út, að því gefnu að útilokun sé virk.",
    "Description:Abp.Identity.SignIn.RequireConfirmedEmail": "Notendur geta búið til reikninga en geta ekki skráð sig inn fyrr en þeir staðfesta netfangið sitt.",
    "Description:Abp.Identity.SignIn.EnablePhoneNumberConfirmation": "Notendur geta staðfest símanúmer sín. SMS samþætting nauðsynleg.",
    "Description:Abp.Identity.SignIn.RequireConfirmedPhoneNumber": "Notendur geta búið til reikninga en geta ekki skráð sig inn fyrr en þeir staðfesta símanúmerið sitt.",
    "Description:Abp.Identity.User.IsUserNameUpdateEnabled": "Hvort notandi geti uppfært notanda nafnið sitt.",
    "Description:Abp.Identity.User.IsEmailUpdateEnabled": "Hvort notandi geti uppfært netfangið.",
    "DisplayName:Abp.Identity.SignIn.RequireEmailVerificationToRegister": "Krefjast staðfestingar á netfangi fyrir skráningu",
    "Description:Abp.Identity.SignIn.RequireEmailVerificationToRegister": "Notendareikningar verða ekki búnir til nema þeir staðfesti netfangið sitt.",
    "Details": "Upplýsingar",
    "CreatedBy": "Búið til af",
    "ModifiedBy": "Breytt af",
    "ModificationTime": "Breytingartími",
    "PasswordUpdateTime": "Uppfærslutími lykilorðs",
    "LockoutEndTime": "Lokatími lokunar",
    "FailedAccessCount": "Misheppnuð fjöldi aðgangs"
  }
}
