{
  "culture": "sv",
  "texts": {
    "Menu:IdentityManagement": "Identitetshantering",
    "Users": "Användare",
    "NewUser": "Ny användare",
    "UserName": "Användarens namn",
    "Surname": "Efternamn",
    "EmailAddress": "E-postadress",
    "PhoneNumber": "Telefonnummer",
    "UserInformations": "Användarinformation",
    "DisplayName:IsDefault": "Standard",
    "DisplayName:IsStatic": "Statisk",
    "DisplayName:IsPublic": "Allmänheten",
    "Roles": "Roller",
    "Password": "Lösenord",
    "PersonalInfo": "Min profil",
    "PersonalSettings": "Personliga inställningar",
    "UserDeletionConfirmationMessage": "Användaren '{0}' kommer att raderas. Kan du bekräfta det?",
    "RoleDeletionConfirmationMessage": "Roll '{0}' kommer att raderas. Kan du bekräfta det?",
    "DisplayName:RoleName": "Namn på roll",
    "DisplayName:UserName": "Användarens namn",
    "DisplayName:Name": "Namn",
    "DisplayName:Surname": "Efternamn",
    "DisplayName:Password": "Lösenord",
    "DisplayName:Email": "E-postadress",
    "DisplayName:PhoneNumber": "Telefonnummer",
    "DisplayName:TwoFactorEnabled": "Verifiering med två faktorer",
    "DisplayName:IsActive": "Aktiv",
    "DisplayName:LockoutEnabled": "Spärrat konto",
    "Description:LockoutEnabled": "Lås konto efter misslyckade inloggningsförsök",
    "NewRole": "Ny roll",
    "RoleName": "Namn på roll",
    "CreationTime": "Skapelsetid",
    "Permissions": "Behörigheter",
    "DisplayName:CurrentPassword": "Aktuellt lösenord",
    "DisplayName:NewPassword": "Nytt lösenord",
    "DisplayName:NewPasswordConfirm": "Bekräfta nytt lösenord",
    "PasswordChangedMessage": "Ditt lösenord har ändrats framgångsrikt.",
    "PersonalSettingsSavedMessage": "Dina personliga inställningar har sparats framgångsrikt.",
    "Volo.Abp.Identity:DefaultError": "Ett okänt fel har uppstått.",
    "Volo.Abp.Identity:ConcurrencyFailure": "Optimistisk samtidighetskontroll har misslyckats. Den entitet du arbetar med har ändrats av en annan användare. Kassera dina ändringar och försök igen.",
    "Volo.Abp.Identity:DuplicateEmail": "E-post '{0}' är redan upptagen.",
    "Volo.Abp.Identity:DuplicateRoleName": "Rollnamnet '{0}' är redan upptaget.",
    "Volo.Abp.Identity:DuplicateUserName": "Användarnamnet '{0}' är redan upptaget.",
    "Volo.Abp.Identity:InvalidEmail": "E-post '{0}' är ogiltig.",
    "Volo.Abp.Identity:InvalidPasswordHasherCompatibilityMode": "Det angivna PasswordHasherCompatibilityMode är ogiltigt.",
    "Volo.Abp.Identity:InvalidPasswordHasherIterationCount": "Antalet iterationer måste vara ett positivt heltal.",
    "Volo.Abp.Identity:InvalidRoleName": "Rollnamnet '{0}' är ogiltigt.",
    "Volo.Abp.Identity:InvalidToken": "Ogiltig token.",
    "Volo.Abp.Identity:InvalidUserName": "Användarnamnet '{0}' är ogiltigt.",
    "Volo.Abp.Identity:LoginAlreadyAssociated": "En användare med den här inloggningen finns redan.",
    "Volo.Abp.Identity:PasswordMismatch": "Felaktigt lösenord.",
    "Volo.Abp.Identity:PasswordRequiresDigit": "Lösenord måste innehålla minst en siffra ('0'-'9').",
    "Volo.Abp.Identity:PasswordRequiresLower": "Lösenord måste innehålla minst en gemen bokstav ('a'-'z').",
    "Volo.Abp.Identity:PasswordRequiresNonAlphanumeric": "Lösenord måste innehålla minst ett icke-alfanumeriskt tecken.",
    "Volo.Abp.Identity:PasswordRequiresUpper": "Lösenord måste innehålla minst en versal ('A'-'Z').",
    "Volo.Abp.Identity:PasswordTooShort": "Lösenord måste innehålla minst {0} tecken.",
    "Volo.Abp.Identity:PasswordRequiresUniqueChars": "Lösenord måste innehålla minst {0} olika tecken.",
    "Volo.Abp.Identity:RoleNotFound": "Roll {0} finns inte.",
    "Volo.Abp.Identity:UserAlreadyHasPassword": "Användaren har redan ett lösenord inställt.",
    "Volo.Abp.Identity:UserAlreadyInRole": "Användaren har redan rollen '{0}'.",
    "Volo.Abp.Identity:UserLockedOut": "Användaren är utelåst.",
    "Volo.Abp.Identity:UserLockoutNotEnabled": "Spärren är inte aktiverad för den här användaren.",
    "Volo.Abp.Identity:UserNameNotFound": "Användaren {0} finns inte.",
    "Volo.Abp.Identity:UserNotInRole": "Användaren är inte i rollen '{0}'.",
    "Volo.Abp.Identity:PasswordConfirmationFailed": "Lösenordet stämmer inte överens med det bekräftade lösenordet.",
    "Volo.Abp.Identity:NullSecurityStamp": "Användarens säkerhetsstämpel kan inte vara null.",
    "Volo.Abp.Identity:RecoveryCodeRedemptionFailed": "Inlösen av återställningskod misslyckades.",
    "Volo.Abp.Identity:010001": "Du kan inte radera ditt eget konto!",
    "Volo.Abp.Identity:010002": "Det går inte att ange mer än {MaxUserMembershipCount} organisationsenhet för en användare!",
    "Volo.Abp.Identity:010003": "Kan inte ändra lösenord för en externt inloggad användare!",
    "Volo.Abp.Identity:010004": "Det finns redan en organisationsenhet med namnet {0}. Två enheter med samma namn kan inte skapas på samma nivå.",
    "Volo.Abp.Identity:010005": "Statiska roller kan inte bytas namn på.",
    "Volo.Abp.Identity:010006": "Statiska roller kan inte tas bort.",
    "Volo.Abp.Identity:010007": "Du kan inte ändra din tvåfaktorsinställning.",
    "Volo.Abp.Identity:010008": "Det är inte tillåtet att ändra inställningen för två faktorer.",
    "Volo.Abp.Identity:010009": "Du kan inte delegera dig själv.",
    "Volo.Abp.Identity:010021": "Namn finns: '{0}'.",
    "Volo.Abp.Identity:010022": "Kan inte ändra statiskt område.",
    "Volo.Abp.Identity:010023": "Kan inte ta bort statiskt område.",
    "Identity.OrganizationUnit.MaxUserMembershipCount": "Högsta tillåtna antal medlemskap i organisationsenheter för en användare",
    "ThisUserIsNotActiveMessage": "Den här användaren är inte aktiv.",
    "Permission:IdentityManagement": "Identitetshantering",
    "Permission:RoleManagement": "Hantering av roller",
    "Permission:Create": "Skapa",
    "Permission:Edit": "Redigera",
    "Permission:Delete": "Radera",
    "Permission:ChangePermissions": "Ändra behörigheter",
    "Permission:ManageRoles": "Hantera roller",
    "Permission:UserManagement": "Hantering av användare",
    "Permission:UserLookup": "Användaruppslagning",
    "DisplayName:Abp.Identity.Password.RequiredLength": "Erforderlig längd",
    "DisplayName:Abp.Identity.Password.RequiredUniqueChars": "Obligatoriska unika tecken nummer",
    "DisplayName:Abp.Identity.Password.RequireNonAlphanumeric": "Obligatoriskt icke-alfanumeriskt tecken",
    "DisplayName:Abp.Identity.Password.RequireLowercase": "Obligatoriskt tecken för gemener",
    "DisplayName:Abp.Identity.Password.RequireUppercase": "Obligatoriskt tecken för versaler",
    "DisplayName:Abp.Identity.Password.RequireDigit": "Nödvändig siffra",
    "DisplayName:Abp.Identity.Password.ForceUsersToPeriodicallyChangePassword": "Tvinga användare att regelbundet byta lösenord",
    "DisplayName:Abp.Identity.Password.PasswordChangePeriodDays": "Period för byte av lösenord (dagar)",
    "DisplayName:Abp.Identity.Lockout.AllowedForNewUsers": "Aktiverad för nya användare",
    "DisplayName:Abp.Identity.Lockout.LockoutDuration": "Varaktighet för låsning (sekunder)",
    "DisplayName:Abp.Identity.Lockout.MaxFailedAccessAttempts": "Max misslyckade åtkomstförsök",
    "DisplayName:Abp.Identity.SignIn.RequireConfirmedEmail": "Kräv e-postverifiering för inloggning",
    "DisplayName:Abp.Identity.SignIn.EnablePhoneNumberConfirmation": "Tillåt användare att bekräfta sitt telefonnummer",
    "DisplayName:Abp.Identity.SignIn.RequireConfirmedPhoneNumber": "Kräv telefonverifiering för inloggning",
    "DisplayName:Abp.Identity.User.IsUserNameUpdateEnabled": "Tillåt användare att ändra sina användarnamn",
    "DisplayName:Abp.Identity.User.IsEmailUpdateEnabled": "Tillåt användare att ändra sina e-postadresser",
    "Description:Abp.Identity.Password.RequiredLength": "Den minsta längd som ett lösenord måste ha.",
    "Description:Abp.Identity.Password.RequiredUniqueChars": "Det minsta antal unika tecken som ett lösenord måste innehålla.",
    "Description:Abp.Identity.Password.RequireNonAlphanumeric": "Om lösenorden måste innehålla ett icke-alfanumeriskt tecken.",
    "Description:Abp.Identity.Password.RequireLowercase": "Om lösenorden måste innehålla ett ASCII-tecken med gemener.",
    "Description:Abp.Identity.Password.RequireUppercase": "Om lösenorden måste innehålla ett ASCII-tecken i versaler.",
    "Description:Abp.Identity.Password.RequireDigit": "Om lösenorden måste innehålla en siffra.",
    "Description:Abp.Identity.Password.ForceUsersToPeriodicallyChangePassword": "Om användare tvingas byta lösenord med jämna mellanrum.",
    "Description:Abp.Identity.Password.PasswordChangePeriodDays": "Antal dagar som en användares lösenord är giltigt.",
    "Description:Abp.Identity.Lockout.AllowedForNewUsers": "Om en ny användare kan låsas ute.",
    "Description:Abp.Identity.Lockout.LockoutDuration": "Den tid som en användare är utelåst när en utelåsning inträffar.",
    "Description:Abp.Identity.Lockout.MaxFailedAccessAttempts": "Det antal misslyckade åtkomstförsök som tillåts innan en användare låses ut, förutsatt att låsning är aktiverad.",
    "Description:Abp.Identity.SignIn.RequireConfirmedEmail": "Användare kan skapa konton men kan inte logga in förrän de verifierar sin e-postadress.",
    "Description:Abp.Identity.SignIn.EnablePhoneNumberConfirmation": "Användare kan verifiera sina telefonnummer. SMS-integration krävs.",
    "Description:Abp.Identity.SignIn.RequireConfirmedPhoneNumber": "Användare kan skapa konton men kan inte logga in förrän de verifierar sitt telefonnummer.",
    "Description:Abp.Identity.User.IsUserNameUpdateEnabled": "Om användarnamnet kan uppdateras av användaren.",
    "Description:Abp.Identity.User.IsEmailUpdateEnabled": "Om e-postadressen kan uppdateras av användaren.",
    "DisplayName:Abp.Identity.SignIn.RequireEmailVerificationToRegister": "Kräv e-postverifiering för registrering",
    "Description:Abp.Identity.SignIn.RequireEmailVerificationToRegister": "Användarkonton kommer inte att skapas om de inte verifierar sina e-postadresser.",
    "Details": "Detaljer",
    "CreatedBy": "Skapad av",
    "ModifiedBy": "Ändrad av",
    "ModificationTime": "Tid för modifiering",
    "PasswordUpdateTime": "Uppdateringstid för lösenord",
    "LockoutEndTime": "Sluttid för låsning",
    "FailedAccessCount": "Antal misslyckade åtkomster"
  }
}
