{
  "name": "Volo.Docs.Application.Contracts",
  "hash": "",
  "contents": [
    {
      "namespace": "Volo.Docs",
      "dependsOnModules": [
        {
          "declaringAssemblyName": "Volo.Docs.Domain.Shared",
          "namespace": "Volo.Docs",
          "name": "DocsDomainSharedModule"
        },
        {
          "declaringAssemblyName": "Volo.Docs.Common.Application.Contracts",
          "namespace": "Volo.Docs.Common",
          "name": "DocsCommonApplicationContractsModule"
        },
        {
          "declaringAssemblyName": "Volo.Abp.Ddd.Application.Contracts",
          "namespace": "Volo.Abp.Application",
          "name": "AbpDddApplicationContractsModule"
        }
      ],
      "implementingInterfaces": [
        {
          "name": "IAbpModule",
          "namespace": "Volo.Abp.Modularity",
          "declaringAssemblyName": "Volo.Abp.Core",
          "fullName": "Volo.Abp.Modularity.IAbpModule"
        },
        {
          "name": "IOnPreApplicationInitialization",
          "namespace": "Volo.Abp.Modularity",
          "declaringAssemblyName": "Volo.Abp.Core",
          "fullName": "Volo.Abp.Modularity.IOnPreApplicationInitialization"
        },
        {
          "name": "IOnApplicationInitialization",
          "namespace": "Volo.Abp",
          "declaringAssemblyName": "Volo.Abp.Core",
          "fullName": "Volo.Abp.IOnApplicationInitialization"
        },
        {
          "name": "IOnPostApplicationInitialization",
          "namespace": "Volo.Abp.Modularity",
          "declaringAssemblyName": "Volo.Abp.Core",
          "fullName": "Volo.Abp.Modularity.IOnPostApplicationInitialization"
        },
        {
          "name": "IOnApplicationShutdown",
          "namespace": "Volo.Abp",
          "declaringAssemblyName": "Volo.Abp.Core",
          "fullName": "Volo.Abp.IOnApplicationShutdown"
        },
        {
          "name": "IPreConfigureServices",
          "namespace": "Volo.Abp.Modularity",
          "declaringAssemblyName": "Volo.Abp.Core",
          "fullName": "Volo.Abp.Modularity.IPreConfigureServices"
        },
        {
          "name": "IPostConfigureServices",
          "namespace": "Volo.Abp.Modularity",
          "declaringAssemblyName": "Volo.Abp.Core",
          "fullName": "Volo.Abp.Modularity.IPostConfigureServices"
        }
      ],
      "contentType": "abpModule",
      "name": "DocsApplicationContractsModule",
      "summary": null
    }
  ]
}