{
  "culture": "ar",
  "texts": {
    "Permission:AuditLogging": "تدوين التسجيل",
    "Permission:AuditLogs": "سجلات التدقيق",
    "Menu:AuditLogging": "سجلات التدقيق",
    "AuditLogs": "سجلات التدقيق",
    "HttpStatus": "حالة Http",
    "HttpMethod": "طريقة Http",
    "HttpMethodFilter": "عامل تصفية أسلوب Http",
    "HttpRequest": "طلب Http",
    "User": "المستعمل",
    "UserNameFilter": "مرشح المستخدم",
    "HasException": "لديه استثناء",
    "IpAddress": "عنوان IP",
    "Time": "زمن",
    "Date": "تاريخ",
    "Duration": "مدة",
    "Detail": "التفاصيل",
    "Overall": "شاملة",
    "Actions": "أجراءات",
    "ClientIpAddress": "عنوان IP للعميل",
    "ClientName": "اسم العميل",
    "BrowserInfo": "معلومات المتصفح",
    "Url": "عنوان Url",
    "UserName": "اسم االمستخدم",
    "TenantImpersonator": "منتحل المستأجر",
    "UserImpersonator": "مقلد المستخدم",
    "UrlFilter": "عامل تصفية عنوان URL",
    "Exceptions": "استثناءات",
    "Comments": "تعليقات",
    "HttpStatusCode": "Http كود الحالة",
    "HttpStatusCodeFilter": "Http عامل تصفية رمز الحالة",
    "ServiceName": "خدمة",
    "MethodName": "طريقة",
    "CorrelationId": "معرف الارتباط",
    "ApplicationName": "اسم التطبيق",
    "ExecutionDuration": "مدة",
    "ExtraProperties": "خصائص اضافية",
    "MaxDuration": "الأعلى. مدة",
    "MinDuration": "دقيقة. مدة",
    "MinMaxDuration": "المدة (الحد الأدنى - الحد الأقصى)",
    "{0}Milliseconds": "{0} مللي ثانية",
    "ExecutionTime": "زمن",
    "Parameters": "المعلمات",
    "EntityTypeFullName": "نوع الكيان الاسم الكامل",
    "Entity": "شخصية",
    "ChangeType": "نوع التغيير",
    "ChangeTime": "زمن",
    "NewValue": "قيمة جديدة",
    "OriginalValue": "القيمة الأصلية",
    "PropertyName": "اسم الخاصية",
    "PropertyTypeFullName": "نوع الخاصية الاسم الكامل",
    "Yes": "نعم",
    "No": "لا",
    "Changes": "التغييرات",
    "AverageExecutionDurationInLogsPerDay": "متوسط مدة التنفيذ",
    "AverageExecutionDurationInMilliseconds": "متوسط مدة التنفيذ بالمللي ثانية",
    "ErrorRateInLogs": "معدل الخطأ في السجلات",
    "Success": "نجاح",
    "Fault": "خطأ",
    "NoChanges": "لا تغيرات)",
    "EntityChanges": "تغييرات الكيان",
    "EntityId": "معرف الكيان",
    "EntityChangeStartTime": "تاريخ التغيير الأدنى",
    "EntityChangeEndTime": "تاريخ التغيير الأقصى",
    "EntityHistory": "تاريخ الكيان",
    "DaysAgoTitle": "{0} {1}.",
    "DaysAgoWithUserTitle": "{0} {1} بواسطة {2}.",
    "MinutesAgo": "منذ {0} دقيقة",
    "HoursAgo": "منذ {0} ساعة",
    "DaysAgo": "منذ {0} يوم",
    "Created": "خلقت",
    "Updated": "محدث",
    "Deleted": "تم الحذف",
    "ChangeHistory": "تغيير التاريخ",
    "FullChangeHistory": "سجل التغيير الكامل",
    "ChangeDetails": "تغيير التفاصيل",
    "DurationMs": "المدة (مللي ثانية)",
    "StartDate": "تاريخ البدء",
    "EndDate": "تاريخ الانتهاء",
    "Feature:AuditLoggingGroup": "تسجيل التدقيق",
    "Feature:AuditLoggingEnable": "تمكين صفحة تسجيل التدقيق",
    "Feature:AuditLoggingEnableDescription": "تمكين صفحة تسجيل التدقيق في التطبيق.",
    "Feature:AuditLoggingSettingManagementEnable": "تمكين إدارة إعدادات تسجيل التدقيق",
    "Feature:AuditLoggingSettingManagementEnableDescription": "تمكين تكوين إدارة إعدادات تسجيل التدقيق داخل التطبيق.",
    "InvalidAuditLogDeletionSettings": "إعدادات حذف سجل التدقيق غير صالحة. إذا تم تمكين الحذف، يجب أن تكون الفترة أكبر من 0 أيام.",
    "AuditLogSettingsGeneral": "عام",
    "AuditLogSettingsGlobal": "عالمي",
    "DisplayName:IsPeriodicDeleterEnabled": "تمكين خدمة التنظيف على مستوى النظام",
    "Description:IsPeriodicDeleterEnabled": "إذا تم تعطيل هذا الخيار، فلن يعمل المحذف الدوري. لن يتم حذف سجلات التدقيق تلقائياً.",
    "DisplayName:GlobalIsExpiredDeleterEnabled": "تمكين خدمة التنظيف لجميع المستأجرين والمضيف",
    "Description:GlobalIsExpiredDeleterEnabled": "إذا تم تمكين هذا الخيار، سيتم حذف جميع العناصر المنتهية الصلاحية للمستأجرين والمضيف تلقائياً ما لم يكن لديها إعداد محدد.",
    "DisplayName:IsExpiredDeleterEnabled": "تمكين خدمة التنظيف",
    "Description:IsExpiredDeleterEnabled": "إذا تم تمكين هذا الخيار، سيتم حذف العناصر المنتهية الصلاحية تلقائياً.",
    "DisplayName:ExpiredDeleterPeriod": "فترة حذف العناصر المنتهية الصلاحية",
    "Description:ExpiredDeleterPeriod": "حدد عدد الأيام التي سيتم بعدها حذف العناصر المنتهية الصلاحية تلقائياً.",
    "ExpiredDeleterPeriodUnit": "يوم (أيام)",
    "AuditLogsBeforeXWillBeDeleted": "سيتم حذف سجلات التدقيق قبل {0}.",
    "TenantId": "معرف المستأجر",
    "Permission:Export": "تصدير سجلات التدقيق",
    "ExportToExcel": "تصدير إلى Excel",
    "Exporting": "جاري التصدير",
    "ExportCompleted": "تم إكمال التصدير بنجاح",
    "ExportFailed": "فشل التصدير",
    "ExportJobQueued": "تم وضع مهمة التصدير في الطابور لـ {0} سجل. ستتلقى بريداً إلكترونياً عند اكتمال التصدير.",
    "ExportReady": "تم إكمال التصدير لـ {0} سجل وجاهز للتنزيل.",
    "FileName": "اسم الملف",
    "TotalRecords": "إجمالي السجلات",
    "ExcelFileAttachedMessage": "ملف Excel مرفق بهذا البريد الإلكتروني.",
    "EntityChangeExportCompletedSubject": "تم إكمال تصدير تغييرات الكيان",
    "AuditLogExportCompletedSubject": "تم إكمال تصدير سجل التدقيق",
    "DownloadLinkExplanation": "يمكنك تنزيل الملف باستخدام الرابط أدناه حتى {0} (UTC)",
    "DownloadNow": "تنزيل الآن",
    "TryAgainMessage": "الرجاء المحاولة مرة أخرى. إذا استمرت المشكلة، يرجى الاتصال بالدعم."
  }
}