{
  "culture": "cs",
  "texts": {
    "Permission:AuditLogging": "Protokolování auditu",
    "Permission:AuditLogs": "Protokoly auditu",
    "Menu:AuditLogging": "Protokoly auditu",
    "AuditLogs": "Protokoly auditu",
    "HttpStatus": "Stav HTTP",
    "HttpMethod": "Metoda HTTP",
    "HttpMethodFilter": "Filtr metody HTTP",
    "HttpRequest": "HTTP požadavek",
    "User": "Uživatel",
    "UserNameFilter": "Uživatelský filtr",
    "HasException": "Má výjimku",
    "IpAddress": "IP adresa",
    "Time": "Čas",
    "Date": "datum",
    "Duration": "Doba trvání",
    "Detail": "Detail",
    "Overall": "Celkově",
    "Actions": "Akce",
    "ClientIpAddress": "IP adresa klienta",
    "ClientName": "jméno klienta",
    "BrowserInfo": "Informace o prohlížeči",
    "Url": "URL",
    "UserName": "Uživatelské jméno",
    "TenantImpersonator": "Nájemník imitátor",
    "UserImpersonator": "Impersonátor uživatele",
    "UrlFilter": "Filtr URL",
    "Exceptions": "Výjimky",
    "Comments": "Komentáře",
    "HttpStatusCode": "Stavový kód HTTP",
    "HttpStatusCodeFilter": "Filtr stavového kódu HTTP",
    "ServiceName": "Servis",
    "MethodName": "Metoda",
    "CorrelationId": "Id korelace",
    "ApplicationName": "název aplikace",
    "ExecutionDuration": "Doba trvání",
    "ExtraProperties": "Extra vlastnosti",
    "MaxDuration": "Max. Doba trvání",
    "MinDuration": "Min. Doba trvání",
    "MinMaxDuration": "Délka (min. – max.)",
    "{0}Milliseconds": "{0} milisekund",
    "ExecutionTime": "Čas",
    "Parameters": "Parametry",
    "EntityTypeFullName": "Typ entity Celé jméno",
    "Entity": "Entita",
    "ChangeType": "Změnit typ",
    "ChangeTime": "Čas",
    "NewValue": "Nová hodnota",
    "OriginalValue": "Původní hodnota",
    "PropertyName": "Název vlastnosti",
    "PropertyTypeFullName": "Typ vlastnosti Celé jméno",
    "Yes": "Ano",
    "No": "Ne",
    "Changes": "Změny",
    "AverageExecutionDurationInLogsPerDay": "Průměrná doba provádění",
    "AverageExecutionDurationInMilliseconds": "Průměrná doba provádění v milisekundách",
    "ErrorRateInLogs": "Chybovost v protokolech",
    "Success": "Úspěch",
    "Fault": "Chyba",
    "NoChanges": "Žádné změny)",
    "EntityChanges": "Změny entit",
    "EntityId": "ID entity",
    "EntityChangeStartTime": "Datum změny min",
    "EntityChangeEndTime": "Datum maximální změny",
    "EntityHistory": "Historie entity",
    "DaysAgoTitle": "{0} {1}.",
    "DaysAgoWithUserTitle": "{0} {1} od {2}.",
    "Created": "Vytvořeno",
    "Updated": "Aktualizováno",
    "Deleted": "Smazáno",
    "ChangeHistory": "Historie změn",
    "FullChangeHistory": "Úplná historie změn",
    "ChangeDetails": "Změnit podrobnosti",
    "DurationMs": "Doba trvání (ms)",
    "StartDate": "Datum zahájení",
    "EndDate": "Datum ukončení",
    "Feature:AuditLoggingGroup": "Protokolování auditu",
    "Feature:AuditLoggingEnable": "Povolena stránka protokolování auditu",
    "Feature:AuditLoggingEnableDescription": "Povolit stránku protokolování auditu v aplikaci.",
    "TenantId": "ID nájemce"
  }
}