{
  "culture": "cs",
  "texts": {
    "Permission:AuditLogging": "Protokolování auditu",
    "Permission:AuditLogs": "Protokoly auditu",
    "Menu:AuditLogging": "Protokoly auditu",
    "AuditLogs": "Protokoly auditu",
    "HttpStatus": "Stav HTTP",
    "HttpMethod": "Metoda HTTP",
    "HttpMethodFilter": "Filtr metody HTTP",
    "HttpRequest": "HTTP požadavek",
    "User": "Uživatel",
    "UserNameFilter": "Uživatelský filtr",
    "HasException": "Má výjimku",
    "IpAddress": "IP adresa",
    "Time": "Čas",
    "Date": "datum",
    "Duration": "Doba trvání",
    "Detail": "Detail",
    "Overall": "Celkově",
    "Actions": "Akce",
    "ClientIpAddress": "IP adresa klienta",
    "ClientName": "jméno klienta",
    "BrowserInfo": "Informace o prohlížeči",
    "Url": "URL",
    "UserName": "Uživatelské jméno",
    "TenantImpersonator": "Nájemník imitátor",
    "UserImpersonator": "Impersonátor uživatele",
    "UrlFilter": "Filtr URL",
    "Exceptions": "Výjimky",
    "Comments": "Komentáře",
    "HttpStatusCode": "Stavový kód HTTP",
    "HttpStatusCodeFilter": "Filtr stavového kódu HTTP",
    "ServiceName": "Servis",
    "MethodName": "Metoda",
    "CorrelationId": "Id korelace",
    "ApplicationName": "název aplikace",
    "ExecutionDuration": "Doba trvání",
    "ExtraProperties": "Extra vlastnosti",
    "MaxDuration": "Max. Doba trvání",
    "MinDuration": "Min. Doba trvání",
    "MinMaxDuration": "Délka (min. – max.)",
    "{0}Milliseconds": "{0} milisekund",
    "ExecutionTime": "Čas",
    "Parameters": "Parametry",
    "EntityTypeFullName": "Typ entity Celé jméno",
    "Entity": "Entita",
    "ChangeType": "Změnit typ",
    "ChangeTime": "Čas",
    "NewValue": "Nová hodnota",
    "OriginalValue": "Původní hodnota",
    "PropertyName": "Název vlastnosti",
    "PropertyTypeFullName": "Typ vlastnosti Celé jméno",
    "Yes": "Ano",
    "No": "Ne",
    "Changes": "Změny",
    "AverageExecutionDurationInLogsPerDay": "Průměrná doba provádění",
    "AverageExecutionDurationInMilliseconds": "Průměrná doba provádění v milisekundách",
    "ErrorRateInLogs": "Chybovost v protokolech",
    "Success": "Úspěch",
    "Fault": "Chyba",
    "NoChanges": "Žádné změny)",
    "EntityChanges": "Změny entit",
    "EntityId": "ID entity",
    "EntityChangeStartTime": "Datum změny min",
    "EntityChangeEndTime": "Datum maximální změny",
    "EntityHistory": "Historie entity",
    "DaysAgoTitle": "{0} {1}.",
    "DaysAgoWithUserTitle": "{0} {1} od {2}.",
    "MinutesAgo": "před {0} minutami",
    "HoursAgo": "před {0} hodinami",
    "DaysAgo": "před {0} dny",
    "Created": "Vytvořeno",
    "Updated": "Aktualizováno",
    "Deleted": "Smazáno",
    "ChangeHistory": "Historie změn",
    "FullChangeHistory": "Úplná historie změn",
    "ChangeDetails": "Změnit podrobnosti",
    "DurationMs": "Doba trvání (ms)",
    "StartDate": "Datum zahájení",
    "EndDate": "Datum ukončení",
    "Feature:AuditLoggingGroup": "Protokolování auditu",
    "Feature:AuditLoggingEnable": "Povolena stránka protokolování auditu",
    "Feature:AuditLoggingEnableDescription": "Povolit stránku protokolování auditu v aplikaci.",
    "Feature:AuditLoggingSettingManagementEnable": "Povolit správu nastavení protokolování auditu",
    "Feature:AuditLoggingSettingManagementEnableDescription": "Povolit konfiguraci správy nastavení protokolování auditu v aplikaci.",
    "InvalidAuditLogDeletionSettings": "Neplatná nastavení mazání protokolu auditu. Pokud je mazání povoleno, období by mělo být větší než 0 dní.",
    "AuditLogSettingsGeneral": "Obecné",
    "AuditLogSettingsGlobal": "Globální",
    "DisplayName:IsPeriodicDeleterEnabled": "Povolit službu čištění v celém systému",
    "Description:IsPeriodicDeleterEnabled": "Pokud je tato možnost zakázána, periodický mazač nebude fungovat. Protokoly auditu nebudou automaticky mazány.",
    "DisplayName:GlobalIsExpiredDeleterEnabled": "Povolit službu čištění pro všechny nájemce a hostitele",
    "Description:GlobalIsExpiredDeleterEnabled": "Pokud je tato možnost povolena, všechny prošlé položky nájemců a hostitele budou automaticky smazány, pokud nemají specifické nastavení.",
    "DisplayName:IsExpiredDeleterEnabled": "Povolit službu čištění",
    "Description:IsExpiredDeleterEnabled": "Pokud je tato možnost povolena, prošlé položky budou automaticky smazány.",
    "DisplayName:ExpiredDeleterPeriod": "Období mazání prošlých položek",
    "Description:ExpiredDeleterPeriod": "Nastavte počet dní, po kterých budou prošlé položky automaticky smazány.",
    "ExpiredDeleterPeriodUnit": "den(dny)",
    "AuditLogsBeforeXWillBeDeleted": "Protokoly auditu před {0} budou smazány.",
    "TenantId": "ID nájemce",
    "Permission:Export": "Exportovat protokoly auditu",
    "ExportToExcel": "Exportovat do Excelu",
    "Exporting": "Exportování",
    "ExportCompleted": "Export úspěšně dokončen",
    "ExportFailed": "Export se nezdařil",
    "ExportJobQueued": "Úloha exportu byla zařazena do fronty pro {0} záznamů. Obdržíte e-mail, když bude export dokončen.",
    "ExportReady": "Export dokončen pro {0} záznamů a připraven ke stažení.",
    "FileName": "Název souboru",
    "TotalRecords": "Celkem záznamů",
    "ExcelFileAttachedMessage": "Soubor Excel je připojen k tomuto e-mailu.",
    "EntityChangeExportCompletedSubject": "Export změn entit dokončen",
    "AuditLogExportCompletedSubject": "Export protokolu auditu dokončen",
    "DownloadLinkExplanation": "Soubor můžete stáhnout pomocí odkazu níže až do {0} (UTC)",
    "DownloadNow": "Stáhnout nyní",
    "TryAgainMessage": "Zkuste to prosím znovu. Pokud problém přetrvává, kontaktujte podporu."
  }
}