{
  "culture": "de",
  "texts": {
    "Permission:AuditLogging": "Audit-Protokollierung",
    "Permission:AuditLogs": "Audit-Protokolle",
    "Menu:AuditLogging": "Audit-Protokolle",
    "AuditLogs": "Audit-Protokolle",
    "HttpStatus": "HTTP-Status",
    "HttpMethod": "HTTP-Methode",
    "HttpMethodFilter": "HTTP-Methodenfilter",
    "HttpRequest": "HTTP-Anfrage",
    "User": "Benutzer",
    "UserNameFilter": "Benutzerfilter",
    "HasException": "Hat eine Ausnahme",
    "IpAddress": "IP Adresse",
    "Time": "Zeit",
    "Date": "Datum",
    "Duration": "Dauer",
    "Detail": "Detail",
    "Overall": "Gesamt",
    "Actions": "Aktionen",
    "ClientIpAddress": "Client-IP-Adresse",
    "ClientName": "Kundenname",
    "BrowserInfo": "Browserinformationen",
    "Url": "URL",
    "UserName": "Nutzername",
    "TenantImpersonator": "Mieter-Imitator",
    "UserImpersonator": "Benutzer-Imitator",
    "UrlFilter": "URL-Filter",
    "Exceptions": "Ausnahmen",
    "Comments": "Kommentare",
    "HttpStatusCode": "HTTP-Statuscode",
    "HttpStatusCodeFilter": "HTTP-Statuscodefilter",
    "ServiceName": "Service",
    "MethodName": "Methode",
    "CorrelationId": "Korrelations-ID",
    "ApplicationName": "Anwendungsname",
    "ExecutionDuration": "Dauer",
    "ExtraProperties": "Zusätzliche Eigenschaften",
    "MaxDuration": "Max. Dauer",
    "MinDuration": "Mindest. Dauer",
    "MinMaxDuration": "Dauer (Min. - Max.)",
    "{0}Milliseconds": "{0} Millisekunden",
    "ExecutionTime": "Zeit",
    "Parameters": "Parameter",
    "EntityTypeFullName": "Vollständiger Name des Entitätstyps",
    "Entity": "Juristische Person",
    "ChangeType": "Typ ändern",
    "ChangeTime": "Zeit",
    "NewValue": "Neuer Wert",
    "OriginalValue": "Originalwert",
    "PropertyName": "Name des Anwesens",
    "PropertyTypeFullName": "Vollständiger Name des Eigenschaftstyps",
    "Yes": "Ja",
    "No": "NEIN",
    "Changes": "Änderungen",
    "AverageExecutionDurationInLogsPerDay": "Durchschnittliche Ausführungsdauer",
    "AverageExecutionDurationInMilliseconds": "Durchschnittliche Ausführungsdauer in Millisekunden",
    "ErrorRateInLogs": "Fehlerrate in Protokollen",
    "Success": "Erfolg",
    "Fault": "Fehler",
    "NoChanges": "Keine Änderungen)",
    "EntityChanges": "Entitätsänderungen",
    "EntityId": "Entitäts-ID",
    "EntityChangeStartTime": "Min. Änderungsdatum",
    "EntityChangeEndTime": "Maximales Änderungsdatum",
    "EntityHistory": "Entitätsgeschichte",
    "DaysAgoTitle": "{0} {1}.",
    "DaysAgoWithUserTitle": "{0} {1} von {2}.",
    "MinutesAgo": "Vor {0} Minuten",
    "HoursAgo": "Vor {0} Stunden",
    "DaysAgo": "Vor {0} Tagen",
    "Created": "Erstellt",
    "Updated": "Aktualisiert",
    "Deleted": "Gelöscht",
    "ChangeHistory": "Geschichte verändern",
    "FullChangeHistory": "Vollständiger Änderungsverlauf",
    "ChangeDetails": "Details ändern",
    "DurationMs": "Dauer (ms)",
    "StartDate": "Startdatum",
    "EndDate": "Endtermin",
    "Feature:AuditLoggingGroup": "Audit-Protokollierung",
    "Feature:AuditLoggingEnable": "Aktivierte Audit-Logging-Seite",
    "Feature:AuditLoggingEnableDescription": "Aktivieren Sie die Audit-Logging-Seite in der Anwendung.",
    "Feature:AuditLoggingSettingManagementEnable": "Audit-Log-Einstellungsverwaltung aktivieren",
    "Feature:AuditLoggingSettingManagementEnableDescription": "Aktivieren Sie die Konfiguration der Audit-Log-Einstellungsverwaltung in der Anwendung.",
    "InvalidAuditLogDeletionSettings": "Ungültige Audit-Log-Löscheinstellungen. Wenn das Löschen aktiviert ist, sollte der Zeitraum größer als 0 Tage sein.",
    "AuditLogSettingsGeneral": "Allgemein",
    "AuditLogSettingsGlobal": "Global",
    "DisplayName:IsPeriodicDeleterEnabled": "Bereinigungsdienst systemweit aktivieren",
    "Description:IsPeriodicDeleterEnabled": "Wenn diese Option deaktiviert ist, funktioniert der periodische Löscher nicht. Audit-Logs werden nicht automatisch gelöscht.",
    "DisplayName:GlobalIsExpiredDeleterEnabled": "Bereinigungsdienst für alle Mandanten und Host aktivieren",
    "Description:GlobalIsExpiredDeleterEnabled": "Wenn diese Option aktiviert ist, werden alle abgelaufenen Elemente der Mandanten und des Hosts automatisch gelöscht, es sei denn, es gibt eine spezifische Einstellung.",
    "DisplayName:IsExpiredDeleterEnabled": "Bereinigungsdienst aktivieren",
    "Description:IsExpiredDeleterEnabled": "Wenn diese Option aktiviert ist, werden abgelaufene Elemente automatisch gelöscht.",
    "DisplayName:ExpiredDeleterPeriod": "Löschzeitraum für abgelaufene Elemente",
    "Description:ExpiredDeleterPeriod": "Legen Sie die Anzahl der Tage fest, nach denen abgelaufene Elemente automatisch gelöscht werden.",
    "ExpiredDeleterPeriodUnit": "Tag(e)",
    "AuditLogsBeforeXWillBeDeleted": "Audit-Logs vor {0} werden gelöscht.",
    "TenantId": "Mandanten-ID",
    "Permission:Export": "Audit-Logs exportieren",
    "ExportToExcel": "Nach Excel exportieren",
    "Exporting": "Exportieren",
    "ExportCompleted": "Export erfolgreich abgeschlossen",
    "ExportFailed": "Export fehlgeschlagen",
    "ExportJobQueued": "Export-Job wurde für {0} Datensätze in die Warteschlange eingereiht. Sie erhalten eine E-Mail, wenn der Export abgeschlossen ist.",
    "ExportReady": "Export für {0} Datensätze abgeschlossen und zum Download bereit.",
    "FileName": "Dateiname",
    "TotalRecords": "Gesamtdatensätze",
    "ExcelFileAttachedMessage": "Die Excel-Datei ist an diese E-Mail angehängt.",
    "EntityChangeExportCompletedSubject": "Entity-Änderungsexport abgeschlossen",
    "AuditLogExportCompletedSubject": "Audit-Log-Export abgeschlossen",
    "DownloadLinkExplanation": "Sie können die Datei über den Link unten bis {0} (UTC) herunterladen",
    "DownloadNow": "Jetzt herunterladen",
    "TryAgainMessage": "Bitte versuchen Sie es erneut. Wenn das Problem weiterhin besteht, wenden Sie sich bitte an den Support."
  }
}