{
  "culture": "en",
  "texts": {
    "Permission:AuditLogging": "Audit logging",
    "Permission:AuditLogs": "Audit logs",
    "Menu:AuditLogging": "Audit logs",
    "AuditLogs": "Audit logs",
    "HttpStatus": "HTTP status",
    "HttpMethod": "HTTP method",
    "HttpMethodFilter": "HTTP method filter",
    "HttpRequest": "HTTP Request",
    "User": "User",
    "UserNameFilter": "User filter",
    "HasException": "Has exception",
    "IpAddress": "IP address",
    "Time": "Time",
    "Date": "Date",
    "Duration": "Duration",
    "Detail": "Detail",
    "Overall": "Overall",
    "Actions": "Actions",
    "ClientIpAddress": "Client IP Address",
    "ClientName": "Client Name",
    "BrowserInfo": "Browser Info",
    "Url": "URL",
    "UserName": "User name",
    "TenantImpersonator": "Tenant Impersonator",
    "UserImpersonator": "User Impersonator",
    "UrlFilter": "URL filter",
    "Exceptions": "Exceptions",
    "Comments": "Comments",
    "HttpStatusCode": "HTTP status code",
    "HttpStatusCodeFilter": "HTTP status code filter",
    "ServiceName": "Service",
    "MethodName": "Method",
    "CorrelationId": "Correlation Id",
    "ApplicationName": "Application name",
    "ExecutionDuration": "Duration",
    "ExtraProperties": "Extra properties",
    "MaxDuration": "Max. duration",
    "MinDuration": "Min. duration",
    "MinMaxDuration": "Duration (Min. - Max.)",
    "{0}Milliseconds": "{0} milliseconds",
    "ExecutionTime": "Time",
    "Parameters": "Parameters",
    "EntityTypeFullName": "Entity Type Full Name",
    "Entity": "Entity",
    "ChangeType": "Change type",
    "ChangeTime": "Time",
    "NewValue": "New value",
    "OriginalValue": "Old value",
    "PropertyName": "Property name",
    "PropertyTypeFullName": "Property Type Full Name",
    "Yes": "Yes",
    "No": "No",
    "Changes": "Changes",
    "AverageExecutionDurationInLogsPerDay": "Average execution duration",
    "AverageExecutionDurationInMilliseconds": "Average execution duration in milliseconds",
    "ErrorRateInLogs": "Error rate in logs",
    "Success": "Success",
    "Fault": "Fault",
    "NoChanges": "No change(s)",
    "EntityChanges": "Entity changes",
    "EntityId": "Entity Id",
    "EntityChangeStartTime": "Min change date",
    "EntityChangeEndTime": "Max change date",
    "EntityHistory": "Entity history",
    "DaysAgoTitle": "{0} {1}.",
    "DaysAgoWithUserTitle": "{0} {1} by {2}.",
    "MinutesAgo": "{0} minutes ago",
    "HoursAgo": "{0} hours ago",
    "DaysAgo": "{0} days ago",
    "Created": "Created",
    "Updated": "Updated",
    "Deleted": "Deleted",
    "ChangeHistory": "Change history",
    "FullChangeHistory": "Full change history",
    "ChangeDetails": "Change details",
    "DurationMs": "Duration (ms)",
    "StartDate": "Start date",
    "EndDate": "End date",
    "Feature:AuditLoggingGroup": "Audit logging",
    "Feature:AuditLoggingEnable": "Enable audit logging page",
    "Feature:AuditLoggingEnableDescription": "Enable audit logging page in the application.",
    "Feature:AuditLoggingSettingManagementEnable": "Enable audit log setting management",
    "Feature:AuditLoggingSettingManagementEnableDescription": "Enable the configuration of the audit log setting management within the application.",
    "InvalidAuditLogDeletionSettings": "Invalid audit log deletion settings. If deletion is enable, the period should be greater than 0 days.",
    "AuditLogSettingsGeneral": "General",
    "AuditLogSettingsGlobal": "Global",
    "DisplayName:IsPeriodicDeleterEnabled": "Enable clean up service system wide",
    "Description:IsPeriodicDeleterEnabled": "If this option is disabled the periodic deleter won't work. Audit logs won't be deleted automatically.",
    "DisplayName:GlobalIsExpiredDeleterEnabled": "Enable clean up service for all tenants and host",
    "Description:GlobalIsExpiredDeleterEnabled": "If this option is enabled all the tenants and the host expired items will be deleted automatically unless it has a specific setting.",
    "DisplayName:IsExpiredDeleterEnabled": "Enable clean up service",
    "Description:IsExpiredDeleterEnabled": "If this option is enabled the expired items will be deleted automatically.",
    "DisplayName:ExpiredDeleterPeriod": "Expired item deletion period",
    "Description:ExpiredDeleterPeriod": "Set the number of days after which expired items will be automatically deleted.",
    "ExpiredDeleterPeriodUnit": "day(s)",
    "AuditLogsBeforeXWillBeDeleted": "Audit logs before {0} will be deleted.",
    "TenantId": "Tenant Id"
  }
}
