{
  "culture": "es",
  "texts": {
    "Permission:AuditLogging": "Registros de auditoría",
    "Permission:AuditLogs": "Registros de auditoría",
    "Menu:AuditLogging": "Registros de auditoría",
    "AuditLogs": "Registros de auditoría",
    "HttpStatus": "Estado HTTP",
    "HttpMethod": "Metodo HTTP",
    "HttpMethodFilter": "Filtro de método HTTP",
    "HttpRequest": "Peticion Http",
    "User": "Usuario",
    "UserNameFilter": "Filtro de usuario",
    "HasException": "Tiene error",
    "IpAddress": "Dirección Ip",
    "Time": "Tiempo",
    "Date": "Fecha",
    "Duration": "Duración",
    "Detail": "Detalles",
    "Overall": "En general",
    "Actions": "Acciones",
    "ClientIpAddress": "Dirección Ip del Cliente",
    "ClientName": "Nombre de cliente",
    "BrowserInfo": "Informacion de buscador",
    "Url": "Url",
    "UserName": "Nombre de usuario",
    "TenantImpersonator": "Imitador de inquilinos",
    "UserImpersonator": "Imitadora de usuario",
    "UrlFilter": "Filtro de URL",
    "Exceptions": "Excepciones",
    "Comments": "Comentarios",
    "HttpStatusCode": "Código de estado HTTP",
    "HttpStatusCodeFilter": "Filtro de código de estado HTTP",
    "ServiceName": "Servicio",
    "MethodName": "Metodo",
    "CorrelationId": "ID de correlación",
    "ApplicationName": "Nombre de la aplicación",
    "ExecutionDuration": "Duración",
    "ExtraProperties": "Propiedades adicionales",
    "MaxDuration": "Max. Duración",
    "MinDuration": "Min. Duración",
    "MinMaxDuration": "Duración (Mín. - Máx.)",
    "{0}Milliseconds": "{0} milisegundos",
    "ExecutionTime": "Tiempo",
    "Parameters": "Parámetros",
    "EntityTypeFullName": "Tipo de entidad Nombre completo",
    "Entity": "Entidad",
    "ChangeType": "Tipo de cambio",
    "ChangeTime": "Tiempo",
    "NewValue": "Nuevo valor",
    "OriginalValue": "Valor original",
    "PropertyName": "Nombre de la propiedad",
    "PropertyTypeFullName": "Tipo de propiedad Nombre completo",
    "Yes": "Si",
    "No": "No",
    "Changes": "Cambios",
    "AverageExecutionDurationInLogsPerDay": "Duración media de ejecución",
    "AverageExecutionDurationInMilliseconds": "Duración media de ejecución en milisegundos",
    "ErrorRateInLogs": "Tasa de error en los registros",
    "Success": "Exitosamente",
    "Fault": "Culpa",
    "NoChanges": "No cambio(s)",
    "EntityChanges": "Cambios en entidad",
    "EntityId": "Id Entidad",
    "EntityChangeStartTime": "Cambiar fecha mínima",
    "EntityChangeEndTime": "Cambiar fecha mámima",
    "EntityHistory": "Historial de entidad",
    "DaysAgoTitle": "{0} {1}.",
    "DaysAgoWithUserTitle": "{0} {1} por {2}.",
    "MinutesAgo": "Hace {0} minutos",
    "HoursAgo": "Hace {0} horas",
    "DaysAgo": "Hace {0} días",
    "Created": "Creado",
    "Updated": "Actualizado",
    "Deleted": "Eliminado",
    "ChangeHistory": "Historial de cambios",
    "FullChangeHistory": "Historial de cambios completo",
    "ChangeDetails": "Detalles del cambio",
    "DurationMs": "Duración (ms)",
    "StartDate": "Fecha de inicio",
    "EndDate": "Fecha final",
    "Feature:AuditLoggingGroup": "Registros de auditoría",
    "Feature:AuditLoggingEnable": "Habilitar la página de registro de auditoría",
    "Feature:AuditLoggingEnableDescription": "Habilite la página de registro de auditoría en la aplicación.",
    "Feature:AuditLoggingSettingManagementEnable": "Habilitar la gestión de configuración de registro de auditoría",
    "Feature:AuditLoggingSettingManagementEnableDescription": "Habilite la configuración de la gestión de configuración de registro de auditoría dentro de la aplicación.",
    "InvalidAuditLogDeletionSettings": "Configuración de eliminación de registro de auditoría no válida. Si la eliminación está habilitada, el período debe ser mayor a 0 días.",
    "AuditLogSettingsGeneral": "General",
    "AuditLogSettingsGlobal": "Global",
    "DisplayName:IsPeriodicDeleterEnabled": "Habilitar servicio de limpieza en todo el sistema",
    "Description:IsPeriodicDeleterEnabled": "Si esta opción está deshabilitada, el eliminador periódico no funcionará. Los registros de auditoría no se eliminarán automáticamente.",
    "DisplayName:GlobalIsExpiredDeleterEnabled": "Habilitar servicio de limpieza para todos los inquilinos y host",
    "Description:GlobalIsExpiredDeleterEnabled": "Si esta opción está habilitada, todos los elementos vencidos de los inquilinos y el host se eliminarán automáticamente a menos que tenga una configuración específica.",
    "DisplayName:IsExpiredDeleterEnabled": "Habilitar servicio de limpieza",
    "Description:IsExpiredDeleterEnabled": "Si esta opción está habilitada, los elementos vencidos se eliminarán automáticamente.",
    "DisplayName:ExpiredDeleterPeriod": "Período de eliminación de elementos vencidos",
    "Description:ExpiredDeleterPeriod": "Establezca el número de días después de los cuales los elementos vencidos se eliminarán automáticamente.",
    "ExpiredDeleterPeriodUnit": "día(s)",
    "AuditLogsBeforeXWillBeDeleted": "Los registros de auditoría antes de {0} serán eliminados.",
    "TenantId": "ID de inquilino",
    "Permission:Export": "Exportar registros de auditoría",
    "ExportToExcel": "Exportar a Excel",
    "Exporting": "Exportando",
    "ExportCompleted": "Exportación completada exitosamente",
    "ExportFailed": "Exportación fallida",
    "ExportJobQueued": "El trabajo de exportación ha sido puesto en cola para {0} registros. Recibirá un correo electrónico cuando se complete la exportación.",
    "ExportReady": "Exportación completada para {0} registros y lista para descarga.",
    "FileName": "Nombre del archivo",
    "TotalRecords": "Total de registros",
    "ExcelFileAttachedMessage": "El archivo de Excel está adjunto a este correo electrónico.",
    "EntityChangeExportCompletedSubject": "Exportación de cambios de entidad completada",
    "AuditLogExportCompletedSubject": "Exportación de registro de auditoría completada",
    "DownloadLinkExplanation": "Puede descargar el archivo usando el enlace a continuación hasta {0} (UTC)",
    "DownloadNow": "Descargar ahora",
    "TryAgainMessage": "Por favor, inténtelo de nuevo. Si el problema persiste, contacte con soporte."
  }
}