{
  "culture": "es",
  "texts": {
    "Permission:AuditLogging": "Registros de auditoría",
    "Permission:AuditLogs": "Registros de auditoría",
    "Menu:AuditLogging": "Registros de auditoría",
    "AuditLogs": "Registros de auditoría",
    "HttpStatus": "Estado HTTP",
    "HttpMethod": "Metodo HTTP",
    "HttpMethodFilter": "Filtro de método HTTP",
    "HttpRequest": "Peticion Http",
    "User": "Usuario",
    "UserNameFilter": "Filtro de usuario",
    "HasException": "Tiene error",
    "IpAddress": "Dirección Ip",
    "Time": "Tiempo",
    "Date": "Fecha",
    "Duration": "Duración",
    "Detail": "Detalles",
    "Overall": "En general",
    "Actions": "Acciones",
    "ClientIpAddress": "Dirección Ip del Cliente",
    "ClientName": "Nombre de cliente",
    "BrowserInfo": "Informacion de buscador",
    "Url": "Url",
    "UserName": "Nombre de usuario",
    "TenantImpersonator": "Imitador de inquilinos",
    "UserImpersonator": "Imitadora de usuario",
    "UrlFilter": "Filtro de URL",
    "Exceptions": "Excepciones",
    "Comments": "Comentarios",
    "HttpStatusCode": "Código de estado HTTP",
    "HttpStatusCodeFilter": "Filtro de código de estado HTTP",
    "ServiceName": "Servicio",
    "MethodName": "Metodo",
    "CorrelationId": "ID de correlación",
    "ApplicationName": "Nombre de la aplicación",
    "ExecutionDuration": "Duración",
    "ExtraProperties": "Propiedades adicionales",
    "MaxDuration": "Max. Duración",
    "MinDuration": "Min. Duración",
    "MinMaxDuration": "Duración (Mín. - Máx.)",
    "{0}Milliseconds": "{0} milisegundos",
    "ExecutionTime": "Tiempo",
    "Parameters": "Parámetros",
    "EntityTypeFullName": "Tipo de entidad Nombre completo",
    "Entity": "Entidad",
    "ChangeType": "Tipo de cambio",
    "ChangeTime": "Tiempo",
    "NewValue": "Nuevo valor",
    "OriginalValue": "Valor original",
    "PropertyName": "Nombre de la propiedad",
    "PropertyTypeFullName": "Tipo de propiedad Nombre completo",
    "Yes": "Si",
    "No": "No",
    "Changes": "Cambios",
    "AverageExecutionDurationInLogsPerDay": "Duración media de ejecución",
    "AverageExecutionDurationInMilliseconds": "Duración media de ejecución en milisegundos",
    "ErrorRateInLogs": "Tasa de error en los registros",
    "Success": "Exitosamente",
    "Fault": "Culpa",
    "NoChanges": "No cambio(s)",
    "EntityChanges": "Cambios en entidad",
    "EntityId": "Id Entidad",
    "EntityChangeStartTime": "Cambiar fecha mínima",
    "EntityChangeEndTime": "Cambiar fecha mámima",
    "EntityHistory": "Historial de entidad",
    "DaysAgoTitle": "{0} {1}.",
    "DaysAgoWithUserTitle": "{0} {1} por {2}.",
    "MinutesAgo": "Hace {0} minutos",
    "HoursAgo": "Hace {0} horas",
    "DaysAgo": "Hace {0} días",
    "Created": "Creado",
    "Updated": "Actualizado",
    "Deleted": "Eliminado",
    "ChangeHistory": "Historial de cambios",
    "FullChangeHistory": "Historial de cambios completo",
    "ChangeDetails": "Detalles del cambio",
    "DurationMs": "Duración (ms)",
    "StartDate": "Fecha de inicio",
    "EndDate": "Fecha final",
    "Feature:AuditLoggingGroup": "Registros de auditoría",
    "Feature:AuditLoggingEnable": "Habilitar la página de registro de auditoría",
    "Feature:AuditLoggingEnableDescription": "Habilite la página de registro de auditoría en la aplicación.",
    "TenantId": "ID de inquilino"
  }
}