{
  "culture": "fi",
  "texts": {
    "Permission:AuditLogging": "Tarkastusten kirjaaminen",
    "Permission:AuditLogs": "Tarkastuslokit",
    "Menu:AuditLogging": "Tarkastuslokit",
    "AuditLogs": "Tarkastuslokit",
    "HttpStatus": "Http-tila",
    "HttpMethod": "Http-metodi",
    "HttpMethodFilter": "Http-metodin suodatin",
    "HttpRequest": "Http-pyyntö",
    "User": "Käyttäjä",
    "UserNameFilter": "Käyttäjäsuodatin",
    "HasException": "Onko poikkeus",
    "IpAddress": "IP-osoite",
    "Time": "Aika",
    "Date": "Päivämäärä",
    "Duration": "Kesto",
    "Detail": "Yksityiskohta",
    "Overall": "Yleensä ottaen",
    "Actions": "Toiminnot",
    "ClientIpAddress": "Asiakkaan IP-osoite",
    "ClientName": "Asiakkaan Nimi",
    "BrowserInfo": "Selaimen tiedot",
    "Url": "URL-osoite",
    "UserName": "Käyttäjänimi",
    "TenantImpersonator": "Vuokralaisen jäljittelijä",
    "UserImpersonator": "Käyttäjän jäljittelijä",
    "UrlFilter": "URL-suodatin",
    "Exceptions": "Poikkeukset",
    "Comments": "Kommentit",
    "HttpStatusCode": "Http-tilakoodi",
    "HttpStatusCodeFilter": "Http-tilakoodisuodatin",
    "ServiceName": "Palvelu",
    "MethodName": "Metodi",
    "CorrelationId": "Korrelaatiotunnus",
    "ApplicationName": "Sovelluksen nimi",
    "ExecutionDuration": "Kesto",
    "ExtraProperties": "Lisäominaisuudet",
    "MaxDuration": "Maks. Kesto",
    "MinDuration": "Min. Kesto",
    "MinMaxDuration": "Kesto (Min. - Max.)",
    "{0}Milliseconds": "{0} millisekuntia",
    "ExecutionTime": "Aika",
    "Parameters": "Parametrit",
    "EntityTypeFullName": "Entiteetin tyyppi Koko nimi",
    "Entity": "Entiteetti",
    "ChangeType": "Vaihda tyyppiä",
    "ChangeTime": "Aika",
    "NewValue": "Uusi arvo",
    "OriginalValue": "Alkuperäinen arvo",
    "PropertyName": "Ominaisuuden nimi",
    "PropertyTypeFullName": "Ominaisuustyyppi Koko nimi",
    "Yes": "Kyllä",
    "No": "Ei",
    "Changes": "Muutokset",
    "AverageExecutionDurationInLogsPerDay": "Keskimääräinen suorituksen kesto",
    "AverageExecutionDurationInMilliseconds": "Keskimääräinen suorituksen kesto millisekunteina",
    "ErrorRateInLogs": "Virheprosentti lokeissa",
    "Success": "Onnistui",
    "Fault": "Virhe",
    "NoChanges": "Ei muutoksia",
    "EntityChanges": "Entiteetin muutokset",
    "EntityId": "Entiteetin tunnus",
    "EntityChangeStartTime": "Pienin muutospäivä",
    "EntityChangeEndTime": "Korkein muutospäivä",
    "EntityHistory": "Entiteettihistoria",
    "DaysAgoTitle": "{0} {1}.",
    "DaysAgoWithUserTitle": "{0} {1} kirjoittanut {2}.",
    "MinutesAgo": "{0} minuuttia sitten",
    "HoursAgo": "{0} tuntia sitten",
    "DaysAgo": "{0} päivää sitten",
    "Created": "Luotu",
    "Updated": "Päivitetty",
    "Deleted": "Poistettu",
    "ChangeHistory": "Muutoshistoria",
    "FullChangeHistory": "Täysi muutoshistoria",
    "ChangeDetails": "Muuta tietoja",
    "DurationMs": "Kesto (ms)",
    "StartDate": "Aloituspäivämäärä",
    "EndDate": "Päättymispäivä",
    "Feature:AuditLoggingGroup": "Tarkastuslokin kirjaaminen",
    "Feature:AuditLoggingEnable": "Ota käyttöön tarkastuslokin kirjaussivu",
    "Feature:AuditLoggingEnableDescription": "Ota käyttöön tarkastuslokin kirjaussivu sovelluksessa.",
    "Feature:AuditLoggingSettingManagementEnable": "Ota käyttöön tarkastuslokin asetusten hallinta",
    "Feature:AuditLoggingSettingManagementEnableDescription": "Ota käyttöön tarkastuslokin asetusten hallinnan konfigurointi sovelluksessa.",
    "InvalidAuditLogDeletionSettings": "Virheelliset tarkastuslokin poisto-asetukset. Jos poistaminen on käytössä, ajanjakson tulee olla suurempi kuin 0 päivää.",
    "AuditLogSettingsGeneral": "Yleinen",
    "AuditLogSettingsGlobal": "Globaali",
    "DisplayName:IsPeriodicDeleterEnabled": "Ota käyttöön siivouspalvelu koko järjestelmässä",
    "Description:IsPeriodicDeleterEnabled": "Jos tämä vaihtoehto on poistettu käytöstä, jaksollinen poistaja ei toimi. Tarkastuslokeja ei poisteta automaattisesti.",
    "DisplayName:GlobalIsExpiredDeleterEnabled": "Ota käyttöön siivouspalvelu kaikille vuokralaisille ja isännälle",
    "Description:GlobalIsExpiredDeleterEnabled": "Jos tämä vaihtoehto on käytössä, kaikki vuokralaisten ja isännän vanhentuneet kohteet poistetaan automaattisesti, ellei niillä ole erityistä asetusta.",
    "DisplayName:IsExpiredDeleterEnabled": "Ota käyttöön siivouspalvelu",
    "Description:IsExpiredDeleterEnabled": "Jos tämä vaihtoehto on käytössä, vanhentuneet kohteet poistetaan automaattisesti.",
    "DisplayName:ExpiredDeleterPeriod": "Vanhentuneiden kohteiden poistojakso",
    "Description:ExpiredDeleterPeriod": "Aseta päivien määrä, jonka jälkeen vanhentuneet kohteet poistetaan automaattisesti.",
    "ExpiredDeleterPeriodUnit": "päivä(ä)",
    "AuditLogsBeforeXWillBeDeleted": "Tarkastuslokit ennen {0} poistetaan.",
    "TenantId": "Vuokralaisen tunnus",
    "Permission:Export": "Vie tarkastuslokit",
    "ExportToExcel": "Vie Exceliin",
    "Exporting": "Viedään",
    "ExportCompleted": "Vienti suoritettu onnistuneesti",
    "ExportFailed": "Vienti epäonnistui",
    "ExportJobQueued": "Vientityö on asetettu jonoon {0} tietueelle. Saat sähköpostin, kun vienti on valmis.",
    "ExportReady": "Vienti valmis {0} tietueelle ja valmis ladattavaksi.",
    "FileName": "Tiedostonimi",
    "TotalRecords": "Tietueiden kokonaismäärä",
    "ExcelFileAttachedMessage": "Excel-tiedosto on liitetty tähän sähköpostiin.",
    "EntityChangeExportCompletedSubject": "Entiteettimuutosten vienti valmis",
    "AuditLogExportCompletedSubject": "Tarkastuslokin vienti valmis",
    "DownloadLinkExplanation": "Voit ladata tiedoston alla olevan linkin kautta {0} (UTC) asti",
    "DownloadNow": "Lataa nyt",
    "TryAgainMessage": "Yritä uudelleen. Jos ongelma jatkuu, ota yhteyttä tukeen."
  }
}