{
  "culture": "fr",
  "texts": {
    "Permission:AuditLogging": "Journalisation d'audit",
    "Permission:AuditLogs": "Journaux d'audit",
    "Menu:AuditLogging": "Journaux d'audit",
    "AuditLogs": "Journaux d'audit",
    "HttpStatus": "État HTTP",
    "HttpMethod": "Méthode Http",
    "HttpMethodFilter": "Filtre de méthode Http",
    "HttpRequest": "Requête HTTP",
    "User": "Utilisateur",
    "UserNameFilter": "Filtre utilisateur",
    "HasException": "A une exception",
    "IpAddress": "Adresse IP",
    "Time": "Temps",
    "Date": "Date",
    "Duration": "Durée",
    "Detail": "Détail",
    "Overall": "Globalement",
    "Actions": "Actions",
    "ClientIpAddress": "Adresse IP du client",
    "ClientName": "Nom du client",
    "BrowserInfo": "Informations sur le navigateur",
    "Url": "URL",
    "UserName": "Nom d'utilisateur",
    "TenantImpersonator": "Imitateur de locataire",
    "UserImpersonator": "Imitateur d'utilisateur",
    "UrlFilter": "Filtre d'URL",
    "Exceptions": "Exceptions",
    "Comments": "commentaires",
    "HttpStatusCode": "Code d'état HTTP",
    "HttpStatusCodeFilter": "Filtre de code d'état HTTP",
    "ServiceName": "Un service",
    "MethodName": "Méthode",
    "CorrelationId": "ID de corrélation",
    "ApplicationName": "Nom de l'application",
    "ExecutionDuration": "Durée",
    "ExtraProperties": "Propriétés supplémentaires",
    "MaxDuration": "Max. Durée",
    "MinDuration": "Min. Durée",
    "MinMaxDuration": "Durée (Min. - Max.)",
    "{0}Milliseconds": "{0} millisecondes",
    "ExecutionTime": "Temps",
    "Parameters": "Paramètres",
    "EntityTypeFullName": "Type d'entité Nom complet",
    "Entity": "Entité",
    "ChangeType": "Changer le type",
    "ChangeTime": "Temps",
    "NewValue": "Nouvelle valeur",
    "OriginalValue": "Valeur d'origine",
    "PropertyName": "Nom de la propriété",
    "PropertyTypeFullName": "Type de propriété Nom complet",
    "Yes": "Oui",
    "No": "Non",
    "Changes": "Changements",
    "AverageExecutionDurationInLogsPerDay": "Durée moyenne d'exécution",
    "AverageExecutionDurationInMilliseconds": "Durée moyenne d'exécution en millisecondes",
    "ErrorRateInLogs": "Taux d'erreur dans les journaux",
    "Success": "Succès",
    "Fault": "Faute",
    "NoChanges": "Aucun changement)",
    "EntityChanges": "Changements d'entité",
    "EntityId": "ID d'entité",
    "EntityChangeStartTime": "Date de changement min.",
    "EntityChangeEndTime": "Date de changement max.",
    "EntityHistory": "Historique de l'entité",
    "DaysAgoTitle": "{0} {1}.",
    "DaysAgoWithUserTitle": "{0} {1} par {2}.",
    "MinutesAgo": "Il y a {0} minutes",
    "HoursAgo": "Il y a {0} heures",
    "DaysAgo": "Il y a {0} jours",
    "Created": "Créé",
    "Updated": "Mise à jour",
    "Deleted": "Supprimé",
    "ChangeHistory": "Historique des modifications",
    "FullChangeHistory": "Historique complet des modifications",
    "ChangeDetails": "Modifier les détails",
    "DurationMs": "Durée (ms)",
    "StartDate": "Date de début",
    "EndDate": "Date de fin",
    "Feature:AuditLoggingGroup": "Journalisation d'audit",
    "Feature:AuditLoggingEnable": "Page de journalisation d'audit activée",
    "Feature:AuditLoggingEnableDescription": "Activez la page de journalisation d'audit dans l'application.",
    "Feature:AuditLoggingSettingManagementEnable": "Activer la gestion des paramètres de journalisation d'audit",
    "Feature:AuditLoggingSettingManagementEnableDescription": "Activez la configuration de la gestion des paramètres de journalisation d'audit dans l'application.",
    "InvalidAuditLogDeletionSettings": "Paramètres de suppression de journal d'audit non valides. Si la suppression est activée, la période doit être supérieure à 0 jour.",
    "AuditLogSettingsGeneral": "Général",
    "AuditLogSettingsGlobal": "Global",
    "DisplayName:IsPeriodicDeleterEnabled": "Activer le service de nettoyage à l'échelle du système",
    "Description:IsPeriodicDeleterEnabled": "Si cette option est désactivée, le suppresseur périodique ne fonctionnera pas. Les journaux d'audit ne seront pas supprimés automatiquement.",
    "DisplayName:GlobalIsExpiredDeleterEnabled": "Activer le service de nettoyage pour tous les locataires et l'hôte",
    "Description:GlobalIsExpiredDeleterEnabled": "Si cette option est activée, tous les éléments expirés des locataires et de l'hôte seront supprimés automatiquement, sauf s'il y a un paramètre spécifique.",
    "DisplayName:IsExpiredDeleterEnabled": "Activer le service de nettoyage",
    "Description:IsExpiredDeleterEnabled": "Si cette option est activée, les éléments expirés seront supprimés automatiquement.",
    "DisplayName:ExpiredDeleterPeriod": "Période de suppression des éléments expirés",
    "Description:ExpiredDeleterPeriod": "Définissez le nombre de jours après lesquels les éléments expirés seront automatiquement supprimés.",
    "ExpiredDeleterPeriodUnit": "jour(s)",
    "AuditLogsBeforeXWillBeDeleted": "Les journaux d'audit avant {0} seront supprimés.",
    "TenantId": "ID du locataire",
    "Permission:Export": "Exporter les journaux d'audit",
    "ExportToExcel": "Exporter vers Excel",
    "Exporting": "Exportation",
    "ExportCompleted": "Exportation terminée avec succès",
    "ExportFailed": "Échec de l'exportation",
    "ExportJobQueued": "Le travail d'exportation a été mis en file d'attente pour {0} enregistrements. Vous recevrez un e-mail lorsque l'exportation sera terminée.",
    "ExportReady": "Exportation terminée pour {0} enregistrements et prête pour le téléchargement.",
    "FileName": "Nom du fichier",
    "TotalRecords": "Total des enregistrements",
    "ExcelFileAttachedMessage": "Le fichier Excel est joint à cet e-mail.",
    "EntityChangeExportCompletedSubject": "Exportation des changements d'entité terminée",
    "AuditLogExportCompletedSubject": "Exportation du journal d'audit terminée",
    "DownloadLinkExplanation": "Vous pouvez télécharger le fichier en utilisant le lien ci-dessous jusqu'au {0} (UTC)",
    "DownloadNow": "Télécharger maintenant",
    "TryAgainMessage": "Veuillez réessayer. Si le problème persiste, veuillez contacter le support."
  }
}