{
  "culture": "hr",
  "texts": {
    "Permission:AuditLogging": "Zapisivanje revizije",
    "Permission:AuditLogs": "Dnevnici revizije",
    "Menu:AuditLogging": "Dnevnici revizije",
    "AuditLogs": "Dnevnici revizije",
    "HttpStatus": "HTTP status",
    "HttpMethod": "HTTP metoda",
    "HttpMethodFilter": "Filtar HTTP metode",
    "HttpRequest": "HTTP zahtjev",
    "User": "Korisnik",
    "UserNameFilter": "Filtar korisnika",
    "HasException": "Ima iznimku",
    "IpAddress": "IP adresa",
    "Time": "Vrijeme",
    "Date": "Datum",
    "Duration": "Trajanje",
    "Detail": "Detalj",
    "Overall": "Sve u svemu",
    "Actions": "Radnje",
    "ClientIpAddress": "IP adresa klijenta",
    "ClientName": "ime klijenta",
    "BrowserInfo": "Informacije o pregledniku",
    "Url": "URL",
    "UserName": "Korisničko ime",
    "TenantImpersonator": "Imitator stanara",
    "UserImpersonator": "Imitator korisnika",
    "UrlFilter": "URL filtar",
    "Exceptions": "Iznimke",
    "Comments": "Komentari",
    "HttpStatusCode": "HTTP statusni kod",
    "HttpStatusCodeFilter": "Filtar HTTP statusnog koda",
    "ServiceName": "Servis",
    "MethodName": "metoda",
    "CorrelationId": "Id korelacije",
    "ApplicationName": "Naziv aplikacije",
    "ExecutionDuration": "Trajanje",
    "ExtraProperties": "Ekstra svojstva",
    "MaxDuration": "Maks. Trajanje",
    "MinDuration": "Min. Trajanje",
    "MinMaxDuration": "Trajanje (min. - maks.)",
    "{0}Milliseconds": "{0} milisekundi",
    "ExecutionTime": "Vrijeme",
    "Parameters": "Parametri",
    "EntityTypeFullName": "Vrsta entiteta Puno ime",
    "Entity": "Entitet",
    "ChangeType": "Promjena vrste",
    "ChangeTime": "Vrijeme",
    "NewValue": "Nova vrijednost",
    "OriginalValue": "Izvorna vrijednost",
    "PropertyName": "Naziv nekretnine",
    "PropertyTypeFullName": "Vrsta nekretnine Puni naziv",
    "Yes": "Da",
    "No": "Ne",
    "Changes": "Promjene",
    "AverageExecutionDurationInLogsPerDay": "Prosječno trajanje izvršenja",
    "AverageExecutionDurationInMilliseconds": "Prosječno trajanje izvršenja u milisekundama",
    "ErrorRateInLogs": "Stopa grešaka u zapisima",
    "Success": "Uspjeh",
    "Fault": "Greška",
    "NoChanges": "Nema promjena)",
    "EntityChanges": "Promjene entiteta",
    "EntityId": "ID entiteta",
    "EntityChangeStartTime": "Min. datum promjene",
    "EntityChangeEndTime": "Maks. datum promjene",
    "EntityHistory": "Povijest entiteta",
    "DaysAgoTitle": "{0} {1}.",
    "DaysAgoWithUserTitle": "{0} {1} od {2}.",
    "MinutesAgo": "prije {0} minuta",
    "HoursAgo": "prije {0} sati",
    "DaysAgo": "prije {0} dana",
    "Created": "Stvoreno",
    "Updated": "Ažurirano",
    "Deleted": "Izbrisano",
    "ChangeHistory": "Povijest promjena",
    "FullChangeHistory": "Potpuna povijest promjena",
    "ChangeDetails": "Promjena pojedinosti",
    "DurationMs": "Trajanje (ms)",
    "StartDate": "Početni datum",
    "EndDate": "Datum završetka",
    "Feature:AuditLoggingGroup": "Zapisivanje revizije",
    "Feature:AuditLoggingEnable": "Omogućena stranica za bilježenje revizije",
    "Feature:AuditLoggingEnableDescription": "Omogućite stranicu za bilježenje revizije u aplikaciji.",
    "TenantId": "ID stanara",
    "DownloadLinkExplanation": "Datoteku možete preuzeti pomoću veze u nastavku do {0} (UTC)",
    "DownloadNow": "Preuzmi odmah",
    "TryAgainMessage": "Molimo pokušajte ponovno. Ako se problem nastavi, obratite se podršci."
  }
}