{
  "culture": "hu",
  "texts": {
    "Permission:AuditLogging": "Audit naplózás",
    "Permission:AuditLogs": "Ellenőrzési naplók",
    "Menu:AuditLogging": "Ellenőrzési naplók",
    "AuditLogs": "Ellenőrzési naplók",
    "HttpStatus": "HTTP állapot",
    "HttpMethod": "HTTP-módszer",
    "HttpMethodFilter": "HTTP-módszer szűrő",
    "HttpRequest": "HTTP-kérés",
    "User": "Felhasználó",
    "UserNameFilter": "Felhasználói szűrő",
    "HasException": "Van kivétel",
    "IpAddress": "IP-cím",
    "Time": "Idő",
    "Date": "Dátum",
    "Duration": "Időtartam",
    "Detail": "Részlet",
    "Overall": "Átfogó",
    "Actions": "Műveletek",
    "ClientIpAddress": "Kliens IP-címe",
    "ClientName": "Ügyfél Neve",
    "BrowserInfo": "Böngésző információ",
    "Url": "URL",
    "UserName": "Felhasználónév",
    "TenantImpersonator": "Bérlő megszemélyesítője",
    "UserImpersonator": "Felhasználói megszemélyesítő",
    "UrlFilter": "URL-szűrő",
    "Exceptions": "Kivételek",
    "Comments": "Hozzászólások",
    "HttpStatusCode": "HTTP állapotkód",
    "HttpStatusCodeFilter": "HTTP állapotkód szűrő",
    "ServiceName": "Szolgáltatás",
    "MethodName": "Módszer",
    "CorrelationId": "Korreláció Id",
    "ApplicationName": "Alkalmazás neve",
    "ExecutionDuration": "Időtartam",
    "ExtraProperties": "Extra tulajdonságok",
    "MaxDuration": "Max. Időtartam",
    "MinDuration": "Min. Időtartam",
    "MinMaxDuration": "Időtartam (min.-max.)",
    "{0}Milliseconds": "{0} ezredmásodperc",
    "ExecutionTime": "Idő",
    "Parameters": "Paraméterek",
    "EntityTypeFullName": "Entitástípus Teljes név",
    "Entity": "Entitás",
    "ChangeType": "Típus módosítása",
    "ChangeTime": "Idő",
    "NewValue": "Új érték",
    "OriginalValue": "Eredeti érték",
    "PropertyName": "Ingatlan neve",
    "PropertyTypeFullName": "Tulajdonság típusa Teljes név",
    "Yes": "Igen",
    "No": "Nem",
    "Changes": "Változtatások",
    "AverageExecutionDurationInLogsPerDay": "Átlagos végrehajtási időtartam",
    "AverageExecutionDurationInMilliseconds": "Átlagos végrehajtási időtartam ezredmásodpercben",
    "ErrorRateInLogs": "Hibaarány a naplókban",
    "Success": "Siker",
    "Fault": "Hiba",
    "NoChanges": "Nincs változás)",
    "EntityChanges": "Az entitás változásai",
    "EntityId": "Entitásazonosító",
    "EntityChangeStartTime": "Min. módosítási dátum",
    "EntityChangeEndTime": "Max változási dátum",
    "EntityHistory": "Entitástörténet",
    "DaysAgoTitle": "{0} {1}.",
    "DaysAgoWithUserTitle": "{0} {1}, szerző: {2}.",
    "MinutesAgo": "{0} perce",
    "HoursAgo": "{0} órája",
    "DaysAgo": "{0} napja",
    "Created": "Létrehozva",
    "Updated": "Frissítve",
    "Deleted": "Törölve",
    "ChangeHistory": "Változástörténet",
    "FullChangeHistory": "Teljes változástörténet",
    "ChangeDetails": "Részletek módosítása",
    "DurationMs": "Időtartam (ms)",
    "StartDate": "Kezdő dátum",
    "EndDate": "Befejezés dátuma",
    "Feature:AuditLoggingGroup": "Audit naplózás",
    "Feature:AuditLoggingEnable": "Audit naplózási oldal engedélyezése",
    "Feature:AuditLoggingEnableDescription": "Engedélyezze az audit naplózási oldalt az alkalmazásban.",
    "Feature:AuditLoggingSettingManagementEnable": "Audit napló beállítások kezelésének engedélyezése",
    "Feature:AuditLoggingSettingManagementEnableDescription": "Engedélyezze az audit napló beállítások kezelésének konfigurációját az alkalmazásban.",
    "InvalidAuditLogDeletionSettings": "Érvénytelen audit napló törlési beállítások. Ha a törlés engedélyezett, az időszaknak nagyobbnak kell lennie 0 napnál.",
    "AuditLogSettingsGeneral": "Általános",
    "AuditLogSettingsGlobal": "Globális",
    "DisplayName:IsPeriodicDeleterEnabled": "Takarítási szolgáltatás engedélyezése rendszerszinten",
    "Description:IsPeriodicDeleterEnabled": "Ha ez az opció le van tiltva, a periodikus törlő nem fog működni. Az audit naplók nem lesznek automatikusan törölve.",
    "DisplayName:GlobalIsExpiredDeleterEnabled": "Takarítási szolgáltatás engedélyezése minden bérlő és host számára",
    "Description:GlobalIsExpiredDeleterEnabled": "Ha ez az opció engedélyezett, minden bérlő és host lejárt elemei automatikusan törölve lesznek, kivéve ha van specifikus beállítás.",
    "DisplayName:IsExpiredDeleterEnabled": "Takarítási szolgáltatás engedélyezése",
    "Description:IsExpiredDeleterEnabled": "Ha ez az opció engedélyezett, a lejárt elemek automatikusan törölve lesznek.",
    "DisplayName:ExpiredDeleterPeriod": "Lejárt elemek törlési időszaka",
    "Description:ExpiredDeleterPeriod": "Állítsa be a napok számát, amely után a lejárt elemek automatikusan törölve lesznek.",
    "ExpiredDeleterPeriodUnit": "nap(ok)",
    "AuditLogsBeforeXWillBeDeleted": "Az audit naplók {0} előtt törölve lesznek.",
    "TenantId": "Bérlő azonosító",
    "Permission:Export": "Audit naplók exportálása",
    "ExportToExcel": "Exportálás Excelbe",
    "Exporting": "Exportálás",
    "ExportCompleted": "Exportálás sikeresen befejezve",
    "ExportFailed": "Exportálás sikertelen",
    "ExportJobQueued": "Exportálási feladat sorba állítva {0} rekordhoz. E-mailt fog kapni, amikor az exportálás befejeződött.",
    "ExportReady": "Exportálás befejezve {0} rekordhoz és letöltésre kész.",
    "FileName": "Fájlnév",
    "TotalRecords": "Összes rekord",
    "ExcelFileAttachedMessage": "Az Excel fájl csatolva van ehhez az e-mailhez.",
    "EntityChangeExportCompletedSubject": "Entitás változás exportálás befejezve",
    "AuditLogExportCompletedSubject": "Audit napló exportálás befejezve",
    "DownloadLinkExplanation": "A fájlt letöltheti az alábbi linken keresztül {0} (UTC) időpontig",
    "DownloadNow": "Letöltés most",
    "TryAgainMessage": "Kérjük, próbálja újra. Ha a probléma továbbra is fennáll, forduljon az ügyfélszolgálathoz."
  }
}