{
  "culture": "hu",
  "texts": {
    "Permission:AuditLogging": "Audit naplózás",
    "Permission:AuditLogs": "Ellenőrzési naplók",
    "Menu:AuditLogging": "Ellenőrzési naplók",
    "AuditLogs": "Ellenőrzési naplók",
    "HttpStatus": "HTTP állapot",
    "HttpMethod": "HTTP-módszer",
    "HttpMethodFilter": "HTTP-módszer szűrő",
    "HttpRequest": "HTTP-kérés",
    "User": "Felhasználó",
    "UserNameFilter": "Felhasználói szűrő",
    "HasException": "Van kivétel",
    "IpAddress": "IP-cím",
    "Time": "Idő",
    "Date": "Dátum",
    "Duration": "Időtartam",
    "Detail": "Részlet",
    "Overall": "Átfogó",
    "Actions": "Műveletek",
    "ClientIpAddress": "Kliens IP-címe",
    "ClientName": "Ügyfél Neve",
    "BrowserInfo": "Böngésző információ",
    "Url": "URL",
    "UserName": "Felhasználónév",
    "TenantImpersonator": "Bérlő megszemélyesítője",
    "UserImpersonator": "Felhasználói megszemélyesítő",
    "UrlFilter": "URL-szűrő",
    "Exceptions": "Kivételek",
    "Comments": "Hozzászólások",
    "HttpStatusCode": "HTTP állapotkód",
    "HttpStatusCodeFilter": "HTTP állapotkód szűrő",
    "ServiceName": "Szolgáltatás",
    "MethodName": "Módszer",
    "CorrelationId": "Korreláció Id",
    "ApplicationName": "Alkalmazás neve",
    "ExecutionDuration": "Időtartam",
    "ExtraProperties": "Extra tulajdonságok",
    "MaxDuration": "Max. Időtartam",
    "MinDuration": "Min. Időtartam",
    "MinMaxDuration": "Időtartam (min.-max.)",
    "{0}Milliseconds": "{0} ezredmásodperc",
    "ExecutionTime": "Idő",
    "Parameters": "Paraméterek",
    "EntityTypeFullName": "Entitástípus Teljes név",
    "Entity": "Entitás",
    "ChangeType": "Típus módosítása",
    "ChangeTime": "Idő",
    "NewValue": "Új érték",
    "OriginalValue": "Eredeti érték",
    "PropertyName": "Ingatlan neve",
    "PropertyTypeFullName": "Tulajdonság típusa Teljes név",
    "Yes": "Igen",
    "No": "Nem",
    "Changes": "Változtatások",
    "AverageExecutionDurationInLogsPerDay": "Átlagos végrehajtási időtartam",
    "AverageExecutionDurationInMilliseconds": "Átlagos végrehajtási időtartam ezredmásodpercben",
    "ErrorRateInLogs": "Hibaarány a naplókban",
    "Success": "Siker",
    "Fault": "Hiba",
    "NoChanges": "Nincs változás)",
    "EntityChanges": "Az entitás változásai",
    "EntityId": "Entitásazonosító",
    "EntityChangeStartTime": "Min. módosítási dátum",
    "EntityChangeEndTime": "Max változási dátum",
    "EntityHistory": "Entitástörténet",
    "DaysAgoTitle": "{0} {1}.",
    "DaysAgoWithUserTitle": "{0} {1}, szerző: {2}.",
    "MinutesAgo": "{0} perce",
    "HoursAgo": "{0} órája",
    "DaysAgo": "{0} napja",
    "Created": "Létrehozva",
    "Updated": "Frissítve",
    "Deleted": "Törölve",
    "ChangeHistory": "Változástörténet",
    "FullChangeHistory": "Teljes változástörténet",
    "ChangeDetails": "Részletek módosítása",
    "DurationMs": "Időtartam (ms)",
    "StartDate": "Kezdő dátum",
    "EndDate": "Befejezés dátuma",
    "Feature:AuditLoggingGroup": "Audit naplózás",
    "Feature:AuditLoggingEnable": "Engedélyezett naplózási oldal",
    "Feature:AuditLoggingEnableDescription": "Engedélyezze a naplózási oldalt az alkalmazásban.",
    "TenantId": "Bérlő azonosító"
  }
}