{
  "culture": "it",
  "texts": {
    "Permission:AuditLogging": "Registrazione di controllo",
    "Permission:AuditLogs": "Registri di controllo",
    "Menu:AuditLogging": "Registri di controllo",
    "AuditLogs": "Registri di controllo",
    "HttpStatus": "Stato HTTP",
    "HttpMethod": "Metodo HTTP",
    "HttpMethodFilter": "Filtro metodo HTTP",
    "HttpRequest": "Richiesta HTTP",
    "User": "Utente",
    "UserNameFilter": "Filtro utente",
    "HasException": "Ha un'eccezione",
    "IpAddress": "Indirizzo IP",
    "Time": "Orario",
    "Date": "Data",
    "Duration": "Durata",
    "Detail": "Dettaglio",
    "Overall": "Complessivo",
    "Actions": "Azioni",
    "ClientIpAddress": "Indirizzo IP del cliente",
    "ClientName": "Nome del cliente",
    "BrowserInfo": "Informazioni sul browser",
    "Url": "Url",
    "UserName": "Nome utente",
    "TenantImpersonator": "Sosia di inquilino",
    "UserImpersonator": "Impersonatore dell'utente",
    "UrlFilter": "Filtro URL",
    "Exceptions": "Eccezioni",
    "Comments": "Commenti",
    "HttpStatusCode": "Codice di stato HTTP",
    "HttpStatusCodeFilter": "Filtro codice di stato HTTP",
    "ServiceName": "Servizio",
    "MethodName": "Metodo",
    "CorrelationId": "ID correlazione",
    "ApplicationName": "Nome dell'applicazione",
    "ExecutionDuration": "Durata",
    "ExtraProperties": "Proprietà extra",
    "MaxDuration": "Max. Durata",
    "MinDuration": "Min. Durata",
    "MinMaxDuration": "Durata (Min. - Max.)",
    "{0}Milliseconds": "{0} millisecondi",
    "ExecutionTime": "Orario",
    "Parameters": "Parametri",
    "EntityTypeFullName": "Nome completo del tipo di entità",
    "Entity": "Entità",
    "ChangeType": "Cambia tipo",
    "ChangeTime": "Orario",
    "NewValue": "Nuovo valore",
    "OriginalValue": "Valore originale",
    "PropertyName": "Nome della proprietà",
    "PropertyTypeFullName": "Nome completo del tipo di proprietà",
    "Yes": "Sì",
    "No": "No",
    "Changes": "Modifiche",
    "AverageExecutionDurationInLogsPerDay": "Durata media dell'esecuzione",
    "AverageExecutionDurationInMilliseconds": "Durata media dell'esecuzione in millisecondi",
    "ErrorRateInLogs": "Tasso di errore nei log",
    "Success": "Successo",
    "Fault": "Fallito",
    "NoChanges": "Nessun cambiamento(i)",
    "EntityChanges": "Modifiche alle entità",
    "EntityId": "Entity Id",
    "EntityChangeStartTime": "Data di modifica minima",
    "EntityChangeEndTime": "Data di modifica massima",
    "EntityHistory": "Storia dell'entità",
    "DaysAgoTitle": "{0} {1}.",
    "DaysAgoWithUserTitle": "{0} {1} di {2}.",
    "MinutesAgo": "{0} minuti fa",
    "HoursAgo": "{0} ore fa",
    "DaysAgo": "{0} giorni fa",
    "Created": "Creato",
    "Updated": "Aggiornato",
    "Deleted": "Eliminato",
    "ChangeHistory": "Cronologia Modifiche",
    "FullChangeHistory": "Cronologia completa delle modifiche",
    "ChangeDetails": "Modifica dettagli",
    "DurationMs": "Durata (ms)",
    "StartDate": "Data d'inizio",
    "EndDate": "Data di fine",
    "Feature:AuditLoggingGroup": "Registrazione di controllo",
    "Feature:AuditLoggingEnable": "Pagina di registrazione di controllo abilitata",
    "Feature:AuditLoggingEnableDescription": "Abilita la pagina di registrazione dell'audit nell'applicazione.",
    "TenantId": "ID inquilino"
  }
}