{
  "culture": "it",
  "texts": {
    "Permission:AuditLogging": "Registrazione di controllo",
    "Permission:AuditLogs": "Registri di controllo",
    "Menu:AuditLogging": "Registri di controllo",
    "AuditLogs": "Registri di controllo",
    "HttpStatus": "Stato HTTP",
    "HttpMethod": "Metodo HTTP",
    "HttpMethodFilter": "Filtro metodo HTTP",
    "HttpRequest": "Richiesta HTTP",
    "User": "Utente",
    "UserNameFilter": "Filtro utente",
    "HasException": "Ha un'eccezione",
    "IpAddress": "Indirizzo IP",
    "Time": "Orario",
    "Date": "Data",
    "Duration": "Durata",
    "Detail": "Dettaglio",
    "Overall": "Complessivo",
    "Actions": "Azioni",
    "ClientIpAddress": "Indirizzo IP del cliente",
    "ClientName": "Nome del cliente",
    "BrowserInfo": "Informazioni sul browser",
    "Url": "Url",
    "UserName": "Nome utente",
    "TenantImpersonator": "Sosia di inquilino",
    "UserImpersonator": "Impersonatore dell'utente",
    "UrlFilter": "Filtro URL",
    "Exceptions": "Eccezioni",
    "Comments": "Commenti",
    "HttpStatusCode": "Codice di stato HTTP",
    "HttpStatusCodeFilter": "Filtro codice di stato HTTP",
    "ServiceName": "Servizio",
    "MethodName": "Metodo",
    "CorrelationId": "ID correlazione",
    "ApplicationName": "Nome dell'applicazione",
    "ExecutionDuration": "Durata",
    "ExtraProperties": "Proprietà extra",
    "MaxDuration": "Max. Durata",
    "MinDuration": "Min. Durata",
    "MinMaxDuration": "Durata (Min. - Max.)",
    "{0}Milliseconds": "{0} millisecondi",
    "ExecutionTime": "Orario",
    "Parameters": "Parametri",
    "EntityTypeFullName": "Nome completo del tipo di entità",
    "Entity": "Entità",
    "ChangeType": "Cambia tipo",
    "ChangeTime": "Orario",
    "NewValue": "Nuovo valore",
    "OriginalValue": "Valore originale",
    "PropertyName": "Nome della proprietà",
    "PropertyTypeFullName": "Nome completo del tipo di proprietà",
    "Yes": "Sì",
    "No": "No",
    "Changes": "Modifiche",
    "AverageExecutionDurationInLogsPerDay": "Durata media dell'esecuzione",
    "AverageExecutionDurationInMilliseconds": "Durata media dell'esecuzione in millisecondi",
    "ErrorRateInLogs": "Tasso di errore nei log",
    "Success": "Successo",
    "Fault": "Fallito",
    "NoChanges": "Nessun cambiamento(i)",
    "EntityChanges": "Modifiche alle entità",
    "EntityId": "Entity Id",
    "EntityChangeStartTime": "Data di modifica minima",
    "EntityChangeEndTime": "Data di modifica massima",
    "EntityHistory": "Storia dell'entità",
    "DaysAgoTitle": "{0} {1}.",
    "DaysAgoWithUserTitle": "{0} {1} di {2}.",
    "MinutesAgo": "{0} minuti fa",
    "HoursAgo": "{0} ore fa",
    "DaysAgo": "{0} giorni fa",
    "Created": "Creato",
    "Updated": "Aggiornato",
    "Deleted": "Eliminato",
    "ChangeHistory": "Cronologia Modifiche",
    "FullChangeHistory": "Cronologia completa delle modifiche",
    "ChangeDetails": "Modifica dettagli",
    "DurationMs": "Durata (ms)",
    "StartDate": "Data d'inizio",
    "EndDate": "Data di fine",
    "Feature:AuditLoggingGroup": "Registrazione di controllo",
    "Feature:AuditLoggingEnable": "Pagina di registrazione di controllo abilitata",
    "Feature:AuditLoggingEnableDescription": "Abilita la pagina di registrazione dell'audit nell'applicazione.",
    "Feature:AuditLoggingSettingManagementEnable": "Abilita gestione impostazioni log di audit",
    "Feature:AuditLoggingSettingManagementEnableDescription": "Abilita la configurazione della gestione delle impostazioni del log di audit nell'applicazione.",
    "InvalidAuditLogDeletionSettings": "Impostazioni di eliminazione del log di audit non valide. Se l'eliminazione è abilitata, il periodo dovrebbe essere maggiore di 0 giorni.",
    "AuditLogSettingsGeneral": "Generale",
    "AuditLogSettingsGlobal": "Globale",
    "DisplayName:IsPeriodicDeleterEnabled": "Abilita servizio di pulizia a livello di sistema",
    "Description:IsPeriodicDeleterEnabled": "Se questa opzione è disabilitata, l'eliminatore periodico non funzionerà. I log di audit non verranno eliminati automaticamente.",
    "DisplayName:GlobalIsExpiredDeleterEnabled": "Abilita servizio di pulizia per tutti i tenant e l'host",
    "Description:GlobalIsExpiredDeleterEnabled": "Se questa opzione è abilitata, tutti gli elementi scaduti dei tenant e dell'host verranno eliminati automaticamente a meno che non abbiano un'impostazione specifica.",
    "DisplayName:IsExpiredDeleterEnabled": "Abilita servizio di pulizia",
    "Description:IsExpiredDeleterEnabled": "Se questa opzione è abilitata, gli elementi scaduti verranno eliminati automaticamente.",
    "DisplayName:ExpiredDeleterPeriod": "Periodo di eliminazione elementi scaduti",
    "Description:ExpiredDeleterPeriod": "Imposta il numero di giorni dopo i quali gli elementi scaduti verranno eliminati automaticamente.",
    "ExpiredDeleterPeriodUnit": "giorno(i)",
    "AuditLogsBeforeXWillBeDeleted": "I log di audit prima di {0} verranno eliminati.",
    "TenantId": "ID inquilino",
    "Permission:Export": "Esporta log di audit",
    "ExportToExcel": "Esporta in Excel",
    "Exporting": "Esportazione",
    "ExportCompleted": "Esportazione completata con successo",
    "ExportFailed": "Esportazione fallita",
    "ExportJobQueued": "Il lavoro di esportazione è stato messo in coda per {0} record. Riceverai un'email quando l'esportazione sarà completata.",
    "ExportReady": "Esportazione completata per {0} record e pronta per il download.",
    "FileName": "Nome file",
    "TotalRecords": "Record totali",
    "ExcelFileAttachedMessage": "Il file Excel è allegato a questa email.",
    "EntityChangeExportCompletedSubject": "Esportazione modifiche entità completata",
    "AuditLogExportCompletedSubject": "Esportazione log di audit completata",
    "DownloadLinkExplanation": "Puoi scaricare il file utilizzando il link qui sotto fino a {0} (UTC)",
    "DownloadNow": "Scarica ora",
    "TryAgainMessage": "Per favore riprova. Se il problema persiste, contatta il supporto."
  }
}