{
  "culture": "nl",
  "texts": {
    "Permission:AuditLogging": "Auditregistratie",
    "Permission:AuditLogs": "Auditlogboeken",
    "Menu:AuditLogging": "Auditlogboeken",
    "AuditLogs": "Auditlogboeken",
    "HttpStatus": "HTTP-status",
    "HttpMethod": "HTTP-methode",
    "HttpMethodFilter": "HTTP-methodefilter",
    "HttpRequest": "HTTP-verzoek",
    "User": "Gebruiker",
    "UserNameFilter": "Gebruikersfilter",
    "HasException": "Heeft uitzondering",
    "IpAddress": "IP adres",
    "Time": "Tijd",
    "Date": "Datum",
    "Duration": "Duur",
    "Detail": "Detail",
    "Overall": "Algemeen",
    "Actions": "Acties",
    "ClientIpAddress": "IP-adres van de klant",
    "ClientName": "klantnaam",
    "BrowserInfo": "Browserinfo",
    "Url": "URL",
    "UserName": "Gebruikersnaam",
    "TenantImpersonator": "Huurder imitator",
    "UserImpersonator": "Gebruiker imitator",
    "UrlFilter": "URL-filter",
    "Exceptions": "Uitzonderingen",
    "Comments": "Opmerkingen",
    "HttpStatusCode": "HTTP-statuscode",
    "HttpStatusCodeFilter": "HTTP-statuscodefilter",
    "ServiceName": "Dienst",
    "MethodName": "Methode",
    "CorrelationId": "Correlatie-ID",
    "ApplicationName": "Naam van de toepassing",
    "ExecutionDuration": "Duur",
    "ExtraProperties": "Extra eigenschappen",
    "MaxDuration": "Max. Duur",
    "MinDuration": "Min. Duur",
    "MinMaxDuration": "Duur (Min. - Max.)",
    "{0}Milliseconds": "{0} milliseconden",
    "ExecutionTime": "Tijd",
    "Parameters": "Parameters",
    "EntityTypeFullName": "Entiteitstype Volledige naam",
    "Entity": "Entiteit",
    "ChangeType": "Van type veranderen",
    "ChangeTime": "Tijd",
    "NewValue": "Nieuwe waarde",
    "OriginalValue": "Originele waarde",
    "PropertyName": "Eigendomsnaam",
    "PropertyTypeFullName": "Eigendomstype Volledige naam",
    "Yes": "Ja",
    "No": "Nee",
    "Changes": "Veranderingen",
    "AverageExecutionDurationInLogsPerDay": "Gemiddelde uitvoeringsduur",
    "AverageExecutionDurationInMilliseconds": "Gemiddelde uitvoeringsduur in milliseconden",
    "ErrorRateInLogs": "Foutpercentage in logboeken",
    "Success": "Succes",
    "Fault": "Schuld",
    "NoChanges": "Geen veranderingen)",
    "EntityChanges": "Entiteitswijzigingen",
    "EntityId": "Entiteits-ID",
    "EntityChangeStartTime": "Min. wijzigingsdatum",
    "EntityChangeEndTime": "Maximale wijzigingsdatum",
    "EntityHistory": "Entiteitsgeschiedenis",
    "DaysAgoTitle": "{0} {1}.",
    "DaysAgoWithUserTitle": "{0} {1} door {2}.",
    "MinutesAgo": "{0} minuten geleden",
    "HoursAgo": "{0} uur geleden",
    "DaysAgo": "{0} dagen geleden",
    "Created": "Gemaakt",
    "Updated": "Bijgewerkt",
    "Deleted": "Verwijderd",
    "ChangeHistory": "verander geschiedenis",
    "FullChangeHistory": "Volledige wijzigingsgeschiedenis",
    "ChangeDetails": "Wijzig details",
    "DurationMs": "Duur (ms)",
    "StartDate": "Begin datum",
    "EndDate": "Einddatum",
    "Feature:AuditLoggingGroup": "Auditlogboekregistratie",
    "Feature:AuditLoggingEnable": "Auditlogboekregistratiepagina ingeschakeld",
    "Feature:AuditLoggingEnableDescription": "Schakel de auditlogboekregistratiepagina in de applicatie in.",
    "Feature:AuditLoggingSettingManagementEnable": "Beheer van auditlog-instellingen inschakelen",
    "Feature:AuditLoggingSettingManagementEnableDescription": "Schakel de configuratie van het beheer van auditlog-instellingen binnen de applicatie in.",
    "InvalidAuditLogDeletionSettings": "Ongeldige instellingen voor het verwijderen van auditlogs. Als verwijdering is ingeschakeld, moet de periode groter zijn dan 0 dagen.",
    "AuditLogSettingsGeneral": "Algemeen",
    "AuditLogSettingsGlobal": "Globaal",
    "DisplayName:IsPeriodicDeleterEnabled": "Opruimservice systeembreed inschakelen",
    "Description:IsPeriodicDeleterEnabled": "Als deze optie is uitgeschakeld, werkt de periodieke verwijderaar niet. Auditlogs worden niet automatisch verwijderd.",
    "DisplayName:GlobalIsExpiredDeleterEnabled": "Opruimservice inschakelen voor alle huurders en host",
    "Description:GlobalIsExpiredDeleterEnabled": "Als deze optie is ingeschakeld, worden alle verlopen items van huurders en de host automatisch verwijderd, tenzij er een specifieke instelling is.",
    "DisplayName:IsExpiredDeleterEnabled": "Opruimservice inschakelen",
    "Description:IsExpiredDeleterEnabled": "Als deze optie is ingeschakeld, worden verlopen items automatisch verwijderd.",
    "DisplayName:ExpiredDeleterPeriod": "Verwijderingsperiode voor verlopen items",
    "Description:ExpiredDeleterPeriod": "Stel het aantal dagen in waarna verlopen items automatisch worden verwijderd.",
    "ExpiredDeleterPeriodUnit": "dag(en)",
    "AuditLogsBeforeXWillBeDeleted": "Auditlogs vóór {0} worden verwijderd.",
    "TenantId": "Huurder-ID",
    "Permission:Export": "Auditlogs exporteren",
    "ExportToExcel": "Exporteren naar Excel",
    "Exporting": "Exporteren",
    "ExportCompleted": "Export succesvol voltooid",
    "ExportFailed": "Export mislukt",
    "ExportJobQueued": "Exporttaak is in de wachtrij geplaatst voor {0} records. U ontvangt een e-mail wanneer de export is voltooid.",
    "ExportReady": "Export voltooid voor {0} records en klaar voor download.",
    "FileName": "Bestandsnaam",
    "TotalRecords": "Totaal aantal records",
    "ExcelFileAttachedMessage": "Het Excel-bestand is bijgevoegd bij deze e-mail.",
    "EntityChangeExportCompletedSubject": "Export van entiteitswijzigingen voltooid",
    "AuditLogExportCompletedSubject": "Auditlog export voltooid",
    "DownloadLinkExplanation": "U kunt het bestand downloaden via de onderstaande link tot {0} (UTC)",
    "DownloadNow": "Download nu",
    "TryAgainMessage": "Probeer het opnieuw. Als het probleem aanhoudt, neem dan contact op met de ondersteuning."
  }
}