{
  "culture": "pl-PL",
  "texts": {
    "Permission:AuditLogging": "Rejestrowanie audytu",
    "Permission:AuditLogs": "Dzienniki audytu",
    "Menu:AuditLogging": "Dzienniki audytu",
    "AuditLogs": "Dzienniki audytu",
    "HttpStatus": "Stan HTTP",
    "HttpMethod": "Metoda HTTP",
    "HttpMethodFilter": "Filtr metody HTTP",
    "HttpRequest": "Żądanie HTTP",
    "User": "Użytkownik",
    "UserNameFilter": "Filtr użytkownika",
    "HasException": "Ma wyjątek",
    "IpAddress": "Adres IP",
    "Time": "Czas",
    "Date": "Data",
    "Duration": "Czas trwania",
    "Detail": "Szczegół",
    "Overall": "Ogólnie",
    "Actions": "działania",
    "ClientIpAddress": "Adres IP klienta",
    "ClientName": "Nazwa klienta",
    "BrowserInfo": "Informacje o przeglądarce",
    "Url": "Adres URL",
    "UserName": "Nazwa użytkownika",
    "TenantImpersonator": "Podszywanie się pod najemcę",
    "UserImpersonator": "Podszywający się pod użytkownika",
    "UrlFilter": "Filtr adresów URL",
    "Exceptions": "Wyjątki",
    "Comments": "Uwagi",
    "HttpStatusCode": "Kod stanu HTTP",
    "HttpStatusCodeFilter": "Filtr kodu stanu HTTP",
    "ServiceName": "Praca",
    "MethodName": "metoda",
    "CorrelationId": "Identyfikator korelacji",
    "ApplicationName": "Nazwa aplikacji",
    "ExecutionDuration": "Czas trwania",
    "ExtraProperties": "Dodatkowe właściwości",
    "MaxDuration": "Maks. Czas trwania",
    "MinDuration": "Min. Czas trwania",
    "MinMaxDuration": "Czas trwania (min. - maks.)",
    "{0}Milliseconds": "{0} milisekund",
    "ExecutionTime": "Czas",
    "Parameters": "Parametry",
    "EntityTypeFullName": "Typ jednostki Imię i nazwisko",
    "Entity": "Podmiot",
    "ChangeType": "Zmień typ",
    "ChangeTime": "Czas",
    "NewValue": "Nowa wartość",
    "OriginalValue": "Oryginalna wartość",
    "PropertyName": "Nazwa właściwości",
    "PropertyTypeFullName": "Typ nieruchomości Imię i nazwisko",
    "Yes": "Tak",
    "No": "NIE",
    "Changes": "Zmiany",
    "AverageExecutionDurationInLogsPerDay": "Średni czas realizacji",
    "AverageExecutionDurationInMilliseconds": "Średni czas wykonania w milisekundach",
    "ErrorRateInLogs": "Poziom błędów w logach",
    "Success": "Powodzenie",
    "Fault": "Wada",
    "NoChanges": "Bez zmian)",
    "EntityChanges": "Zmiany podmiotu",
    "EntityId": "Identyfikator jednostki",
    "EntityChangeStartTime": "Minimalna data zmiany",
    "EntityChangeEndTime": "Maksymalna data zmiany",
    "EntityHistory": "Historia jednostki",
    "DaysAgoTitle": "{0} {1}.",
    "DaysAgoWithUserTitle": "{0} {1} autorstwa {2}.",
    "MinutesAgo": "{0} minut temu",
    "HoursAgo": "{0} godzin temu",
    "DaysAgo": "{0} dni temu",
    "Created": "Utworzony",
    "Updated": "Zaktualizowano",
    "Deleted": "Usunięto",
    "ChangeHistory": "zmieniać historię",
    "FullChangeHistory": "Pełna historia zmian",
    "ChangeDetails": "Zmień szczegóły",
    "DurationMs": "Czas trwania (ms)",
    "StartDate": "Data rozpoczęcia",
    "EndDate": "Data końcowa",
    "Feature:AuditLoggingGroup": "Rejestrowanie audytu",
    "Feature:AuditLoggingEnable": "Włączono stronę rejestrowania audytu",
    "Feature:AuditLoggingEnableDescription": "Włącz stronę rejestrowania audytu w aplikacji.",
    "TenantId": "Identyfikator najemcy"
  }
}