{
  "culture": "pl-PL",
  "texts": {
    "Permission:AuditLogging": "Rejestrowanie audytu",
    "Permission:AuditLogs": "Dzienniki audytu",
    "Menu:AuditLogging": "Dzienniki audytu",
    "AuditLogs": "Dzienniki audytu",
    "HttpStatus": "Stan HTTP",
    "HttpMethod": "Metoda HTTP",
    "HttpMethodFilter": "Filtr metody HTTP",
    "HttpRequest": "Żądanie HTTP",
    "User": "Użytkownik",
    "UserNameFilter": "Filtr użytkownika",
    "HasException": "Ma wyjątek",
    "IpAddress": "Adres IP",
    "Time": "Czas",
    "Date": "Data",
    "Duration": "Czas trwania",
    "Detail": "Szczegół",
    "Overall": "Ogólnie",
    "Actions": "działania",
    "ClientIpAddress": "Adres IP klienta",
    "ClientName": "Nazwa klienta",
    "BrowserInfo": "Informacje o przeglądarce",
    "Url": "Adres URL",
    "UserName": "Nazwa użytkownika",
    "TenantImpersonator": "Podszywanie się pod najemcę",
    "UserImpersonator": "Podszywający się pod użytkownika",
    "UrlFilter": "Filtr adresów URL",
    "Exceptions": "Wyjątki",
    "Comments": "Uwagi",
    "HttpStatusCode": "Kod stanu HTTP",
    "HttpStatusCodeFilter": "Filtr kodu stanu HTTP",
    "ServiceName": "Praca",
    "MethodName": "metoda",
    "CorrelationId": "Identyfikator korelacji",
    "ApplicationName": "Nazwa aplikacji",
    "ExecutionDuration": "Czas trwania",
    "ExtraProperties": "Dodatkowe właściwości",
    "MaxDuration": "Maks. Czas trwania",
    "MinDuration": "Min. Czas trwania",
    "MinMaxDuration": "Czas trwania (min. - maks.)",
    "{0}Milliseconds": "{0} milisekund",
    "ExecutionTime": "Czas",
    "Parameters": "Parametry",
    "EntityTypeFullName": "Typ jednostki Imię i nazwisko",
    "Entity": "Podmiot",
    "ChangeType": "Zmień typ",
    "ChangeTime": "Czas",
    "NewValue": "Nowa wartość",
    "OriginalValue": "Oryginalna wartość",
    "PropertyName": "Nazwa właściwości",
    "PropertyTypeFullName": "Typ nieruchomości Imię i nazwisko",
    "Yes": "Tak",
    "No": "NIE",
    "Changes": "Zmiany",
    "AverageExecutionDurationInLogsPerDay": "Średni czas realizacji",
    "AverageExecutionDurationInMilliseconds": "Średni czas wykonania w milisekundach",
    "ErrorRateInLogs": "Poziom błędów w logach",
    "Success": "Powodzenie",
    "Fault": "Wada",
    "NoChanges": "Bez zmian)",
    "EntityChanges": "Zmiany podmiotu",
    "EntityId": "Identyfikator jednostki",
    "EntityChangeStartTime": "Minimalna data zmiany",
    "EntityChangeEndTime": "Maksymalna data zmiany",
    "EntityHistory": "Historia jednostki",
    "DaysAgoTitle": "{0} {1}.",
    "DaysAgoWithUserTitle": "{0} {1} autorstwa {2}.",
    "MinutesAgo": "{0} minut temu",
    "HoursAgo": "{0} godzin temu",
    "DaysAgo": "{0} dni temu",
    "Created": "Utworzony",
    "Updated": "Zaktualizowano",
    "Deleted": "Usunięto",
    "ChangeHistory": "zmieniać historię",
    "FullChangeHistory": "Pełna historia zmian",
    "ChangeDetails": "Zmień szczegóły",
    "DurationMs": "Czas trwania (ms)",
    "StartDate": "Data rozpoczęcia",
    "EndDate": "Data końcowa",
    "Feature:AuditLoggingGroup": "Rejestrowanie audytu",
    "Feature:AuditLoggingEnable": "Włącz stronę rejestrowania audytu",
    "Feature:AuditLoggingEnableDescription": "Włącz stronę rejestrowania audytu w aplikacji.",
    "Feature:AuditLoggingSettingManagementEnable": "Włącz zarządzanie ustawieniami dziennika audytu",
    "Feature:AuditLoggingSettingManagementEnableDescription": "Włącz konfigurację zarządzania ustawieniami dziennika audytu w aplikacji.",
    "InvalidAuditLogDeletionSettings": "Nieprawidłowe ustawienia usuwania dziennika audytu. Jeśli usuwanie jest włączone, okres powinien być większy niż 0 dni.",
    "AuditLogSettingsGeneral": "Ogólne",
    "AuditLogSettingsGlobal": "Globalne",
    "DisplayName:IsPeriodicDeleterEnabled": "Włącz usługę czyszczenia w całym systemie",
    "Description:IsPeriodicDeleterEnabled": "Jeśli ta opcja jest wyłączona, okresowy usuwacz nie będzie działać. Dzienniki audytu nie będą automatycznie usuwane.",
    "DisplayName:GlobalIsExpiredDeleterEnabled": "Włącz usługę czyszczenia dla wszystkich najemców i hosta",
    "Description:GlobalIsExpiredDeleterEnabled": "Jeśli ta opcja jest włączona, wszystkie wygasłe elementy najemców i hosta będą automatycznie usuwane, chyba że mają określone ustawienie.",
    "DisplayName:IsExpiredDeleterEnabled": "Włącz usługę czyszczenia",
    "Description:IsExpiredDeleterEnabled": "Jeśli ta opcja jest włączona, wygasłe elementy będą automatycznie usuwane.",
    "DisplayName:ExpiredDeleterPeriod": "Okres usuwania wygasłych elementów",
    "Description:ExpiredDeleterPeriod": "Ustaw liczbę dni, po których wygasłe elementy będą automatycznie usuwane.",
    "ExpiredDeleterPeriodUnit": "dzień(dni)",
    "AuditLogsBeforeXWillBeDeleted": "Dzienniki audytu przed {0} zostaną usunięte.",
    "TenantId": "ID najemcy",
    "Permission:Export": "Eksportuj dzienniki audytu",
    "ExportToExcel": "Eksportuj do Excela",
    "Exporting": "Eksportowanie",
    "ExportCompleted": "Eksport zakończony pomyślnie",
    "ExportFailed": "Eksport nieudany",
    "ExportJobQueued": "Zadanie eksportu zostało umieszczone w kolejce dla {0} rekordów. Otrzymasz e-mail po zakończeniu eksportu.",
    "ExportReady": "Eksport zakończony dla {0} rekordów i gotowy do pobrania.",
    "FileName": "Nazwa pliku",
    "TotalRecords": "Łączna liczba rekordów",
    "ExcelFileAttachedMessage": "Plik Excel jest załączony do tego e-maila.",
    "EntityChangeExportCompletedSubject": "Eksport zmian encji zakończony",
    "AuditLogExportCompletedSubject": "Eksport dziennika audytu zakończony",
    "DownloadLinkExplanation": "Możesz pobrać plik, korzystając z poniższego łącza do {0} (UTC)",
    "DownloadNow": "Pobierz teraz",
    "TryAgainMessage": "Proszę spróbuj ponownie. Jeśli problem nie ustąpi, skontaktuj się z pomocą techniczną."
  }
}