{
  "culture": "pt-BR",
  "texts": {
    "Permission:AuditLogging": "Registro de auditoria",
    "Permission:AuditLogs": "Logs de auditoria",
    "Menu:AuditLogging": "Logs de auditoria",
    "AuditLogs": "Logs de auditoria",
    "HttpStatus": "Status Http",
    "HttpMethod": "Método Http",
    "HttpMethodFilter": "Filtro de Método Http",
    "HttpRequest": "Pedido Http",
    "User": "Usuário",
    "UserNameFilter": "Filtro de Usuário",
    "HasException": "Tem exceção",
    "IpAddress": "Endereço de IP",
    "Time": "Tempo",
    "Date": "Encontro",
    "Duration": "Duração",
    "Detail": "Detalhe",
    "Overall": "No geral",
    "Actions": "Ações",
    "ClientIpAddress": "Endereço IP do cliente",
    "ClientName": "Nome do cliente",
    "BrowserInfo": "Informação do navegador",
    "Url": "Url",
    "UserName": "Nome do usuário",
    "TenantImpersonator": "Inquilino Imitador",
    "UserImpersonator": "Imitador de usuário",
    "UrlFilter": "Filtro de Url",
    "Exceptions": "Exceções",
    "Comments": "Comentários",
    "HttpStatusCode": "Código de status Http",
    "HttpStatusCodeFilter": "Filtro de código de status Http",
    "ServiceName": "Serviço",
    "MethodName": "Método",
    "CorrelationId": "Id de Correlação",
    "ApplicationName": "Nome da Aplicação",
    "ExecutionDuration": "Duração",
    "ExtraProperties": "Propriedades extras",
    "MaxDuration": "Máx. Duração",
    "MinDuration": "Min. Duração",
    "MinMaxDuration": "Duração (Mín. - Máx.)",
    "{0}Milliseconds": "{0} milissegundos",
    "ExecutionTime": "Tempo",
    "Parameters": "Parâmetros",
    "EntityTypeFullName": "Nome completo do tipo da entidade",
    "Entity": "Entidade",
    "ChangeType": "Tipo de mudança",
    "ChangeTime": "Tempo",
    "NewValue": "Novo valor",
    "OriginalValue": "Valor original",
    "PropertyName": "Nome da propriedade",
    "PropertyTypeFullName": "Nome completo do tipo da propriedade",
    "Yes": "Sim",
    "No": "Não",
    "Changes": "Mudanças",
    "AverageExecutionDurationInLogsPerDay": "Duração média de execução",
    "AverageExecutionDurationInMilliseconds": "Duração média de execução em milissegundos",
    "ErrorRateInLogs": "Taxa de erros em registros",
    "Success": "Sucesso",
    "Fault": "Falha",
    "NoChanges": "Sem mudança(s)",
    "EntityChanges": "Mudanças da Entidade",
    "EntityId": "Id da Entidade",
    "EntityChangeStartTime": "Data Mínima de Mudança",
    "EntityChangeEndTime": "Data Máxima de Mudança",
    "EntityHistory": "História da Entidade",
    "DaysAgoTitle": "{0} {1}.",
    "DaysAgoWithUserTitle": "{0} {1} por {2}.",
    "MinutesAgo": "{0} minutos atrás",
    "HoursAgo": "{0} horas atrás",
    "DaysAgo": "{0} dias atrás",
    "Created": "Criado",
    "Updated": "Atualizado",
    "Deleted": "Excluído",
    "ChangeHistory": "Histórico de Mudanças",
    "FullChangeHistory": "Histórico Completo de Mudanças",
    "ChangeDetails": "Detalhes de mudança",
    "DurationMs": "Duração (ms)",
    "StartDate": "Data inicial",
    "EndDate": "Data final",
    "Feature:AuditLoggingGroup": "Registro de auditoria",
    "Feature:AuditLoggingEnable": "Página de registro de auditoria habilitada",
    "Feature:AuditLoggingEnableDescription": "Habilite a página de registro de auditoria no aplicativo.",
    "Feature:AuditLoggingSettingManagementEnable": "Habilitar gerenciamento de configurações de log de auditoria",
    "Feature:AuditLoggingSettingManagementEnableDescription": "Habilite a configuração do gerenciamento de configurações de log de auditoria dentro do aplicativo.",
    "InvalidAuditLogDeletionSettings": "Configurações de exclusão de log de auditoria inválidas. Se a exclusão estiver habilitada, o período deve ser maior que 0 dias.",
    "AuditLogSettingsGeneral": "Geral",
    "AuditLogSettingsGlobal": "Global",
    "DisplayName:IsPeriodicDeleterEnabled": "Habilitar serviço de limpeza em todo o sistema",
    "Description:IsPeriodicDeleterEnabled": "Se esta opção estiver desabilitada, o excluidor periódico não funcionará. Os logs de auditoria não serão excluídos automaticamente.",
    "DisplayName:GlobalIsExpiredDeleterEnabled": "Habilitar serviço de limpeza para todos os inquilinos e host",
    "Description:GlobalIsExpiredDeleterEnabled": "Se esta opção estiver habilitada, todos os itens expirados dos inquilinos e do host serão excluídos automaticamente, a menos que tenham uma configuração específica.",
    "DisplayName:IsExpiredDeleterEnabled": "Habilitar serviço de limpeza",
    "Description:IsExpiredDeleterEnabled": "Se esta opção estiver habilitada, os itens expirados serão excluídos automaticamente.",
    "DisplayName:ExpiredDeleterPeriod": "Período de exclusão de itens expirados",
    "Description:ExpiredDeleterPeriod": "Defina o número de dias após os quais os itens expirados serão excluídos automaticamente.",
    "ExpiredDeleterPeriodUnit": "dia(s)",
    "AuditLogsBeforeXWillBeDeleted": "Os logs de auditoria antes de {0} serão excluídos.",
    "TenantId": "ID do inquilino",
    "Permission:Export": "Exportar logs de auditoria",
    "ExportToExcel": "Exportar para Excel",
    "Exporting": "Exportando",
    "ExportCompleted": "Exportação concluída com sucesso",
    "ExportFailed": "Exportação falhou",
    "ExportJobQueued": "O trabalho de exportação foi enfileirado para {0} registros. Você receberá um email quando a exportação for concluída.",
    "ExportReady": "Exportação concluída para {0} registros e pronta para download.",
    "FileName": "Nome do arquivo",
    "TotalRecords": "Total de registros",
    "ExcelFileAttachedMessage": "O arquivo Excel está anexado a este email.",
    "EntityChangeExportCompletedSubject": "Exportação de mudanças de entidade concluída",
    "AuditLogExportCompletedSubject": "Exportação de log de auditoria concluída",
    "DownloadLinkExplanation": "Você pode baixar o arquivo usando o link abaixo até {0} (UTC)",
    "DownloadNow": "Baixar agora",
    "TryAgainMessage": "Por favor, tente novamente. Se o problema persistir, entre em contato com o suporte."
  }
}