{
  "culture": "ro-RO",
  "texts": {
    "Permission:AuditLogging": "Înregistrare de audit",
    "Permission:AuditLogs": "Jurnalele de audit",
    "Menu:AuditLogging": "Jurnalele de audit",
    "AuditLogs": "Jurnalele de audit",
    "HttpStatus": "Stare HTTP",
    "HttpMethod": "Metoda HTTP",
    "HttpMethodFilter": "Filtru de metodă HTTP",
    "HttpRequest": "Solicitare HTTP",
    "User": "Utilizator",
    "UserNameFilter": "Filtru utilizator",
    "HasException": "Are o excepție",
    "IpAddress": "Adresa IP",
    "Time": "Timp",
    "Date": "Data",
    "Duration": "Durată",
    "Detail": "Detaliu",
    "Overall": "Per total",
    "Actions": "Acțiuni",
    "ClientIpAddress": "Adresa IP a clientului",
    "ClientName": "numele clientului",
    "BrowserInfo": "Info browser",
    "Url": "URL",
    "UserName": "Nume de utilizator",
    "TenantImpersonator": "Imitator al chiriașului",
    "UserImpersonator": "Imitator de utilizator",
    "UrlFilter": "Filtru URL",
    "Exceptions": "Excepții",
    "Comments": "Comentarii",
    "HttpStatusCode": "Cod de stare HTTP",
    "HttpStatusCodeFilter": "Filtru cod de stare HTTP",
    "ServiceName": "Serviciu",
    "MethodName": "Metodă",
    "CorrelationId": "Id. corelație",
    "ApplicationName": "Numele aplicatiei",
    "ExecutionDuration": "Durată",
    "ExtraProperties": "Proprietăți suplimentare",
    "MaxDuration": "Max. Durată",
    "MinDuration": "Min. Durată",
    "MinMaxDuration": "Durată (Min. - Max.)",
    "{0}Milliseconds": "{0} milisecunde",
    "ExecutionTime": "Timp",
    "Parameters": "Parametrii",
    "EntityTypeFullName": "Nume complet tip entitate",
    "Entity": "Entitate",
    "ChangeType": "Schimbați tipul",
    "ChangeTime": "Timp",
    "NewValue": "Valoare nouă",
    "OriginalValue": "Valoarea inițială",
    "PropertyName": "Numele proprietatii",
    "PropertyTypeFullName": "Tip de proprietate Nume complet",
    "Yes": "da",
    "No": "Nu",
    "Changes": "Schimbări",
    "AverageExecutionDurationInLogsPerDay": "Durata medie de execuție",
    "AverageExecutionDurationInMilliseconds": "Durata medie de execuție în milisecunde",
    "ErrorRateInLogs": "Rata de eroare în jurnalele",
    "Success": "Succes",
    "Fault": "Vina",
    "NoChanges": "Nici o schimbare)",
    "EntityChanges": "Modificări ale entităților",
    "EntityId": "Id. entitate",
    "EntityChangeStartTime": "Data minimă a modificării",
    "EntityChangeEndTime": "Data maximă de schimbare",
    "EntityHistory": "Istoricul entității",
    "DaysAgoTitle": "{0} {1}.",
    "DaysAgoWithUserTitle": "{0} {1} de la {2}.",
    "MinutesAgo": "acum {0} minute",
    "HoursAgo": "acum {0} ore",
    "DaysAgo": "acum {0} zile",
    "Created": "Creată",
    "Updated": "Actualizat",
    "Deleted": "Șters",
    "ChangeHistory": "Istoricul modificărilor",
    "FullChangeHistory": "Istoricul complet al schimbărilor",
    "ChangeDetails": "Modificați detaliile",
    "DurationMs": "Durata (ms)",
    "StartDate": "Data de început",
    "EndDate": "Data de încheiere",
    "Feature:AuditLoggingGroup": "Înregistrare de audit",
    "Feature:AuditLoggingEnable": "Pagina de înregistrare a auditului activată",
    "Feature:AuditLoggingEnableDescription": "Activați pagina de înregistrare a auditului în aplicație.",
    "TenantId": "ID chiriaș"
  }
}