{
  "culture": "ru",
  "texts": {
    "Permission:AuditLogging": "Ведение журнала аудита",
    "Permission:AuditLogs": "Журналы аудита",
    "Menu:AuditLogging": "Журналы аудита",
    "AuditLogs": "Журналы аудита",
    "HttpStatus": "HTTP-статус",
    "HttpMethod": "HTTP-метод",
    "HttpMethodFilter": "Фильтр HTTP-методов",
    "HttpRequest": "HTTP-запрос",
    "User": "Пользователь",
    "UserNameFilter": "Пользовательский фильтр",
    "HasException": "Имеет исключение",
    "IpAddress": "Айпи адрес",
    "Time": "Время",
    "Date": "Дата",
    "Duration": "Продолжительность",
    "Detail": "Деталь",
    "Overall": "В общем и целом",
    "Actions": "Действия",
    "ClientIpAddress": "IP-адрес клиента",
    "ClientName": "имя клиента",
    "BrowserInfo": "Информация о браузере",
    "Url": "URL",
    "UserName": "Имя пользователя",
    "TenantImpersonator": "Имитатор арендатора",
    "UserImpersonator": "Имитатор пользователя",
    "UrlFilter": "URL-фильтр",
    "Exceptions": "Исключения",
    "Comments": "Комментарии",
    "HttpStatusCode": "Код состояния HTTP",
    "HttpStatusCodeFilter": "Фильтр кода состояния HTTP",
    "ServiceName": "Оказание услуг",
    "MethodName": "Метод",
    "CorrelationId": "Идентификатор корреляции",
    "ApplicationName": "Имя приложения",
    "ExecutionDuration": "Продолжительность",
    "ExtraProperties": "Дополнительные свойства",
    "MaxDuration": "Максимум. Продолжительность",
    "MinDuration": "Мин. Продолжительность",
    "MinMaxDuration": "Продолжительность (Мин.-Макс.)",
    "{0}Milliseconds": "{0} миллисекунд",
    "ExecutionTime": "Время",
    "Parameters": "Параметры",
    "EntityTypeFullName": "Тип объекта Полное имя",
    "Entity": "Сущность",
    "ChangeType": "Тип изменения",
    "ChangeTime": "Время",
    "NewValue": "Новое значение",
    "OriginalValue": "Исходное значение",
    "PropertyName": "Имя свойства",
    "PropertyTypeFullName": "Тип недвижимости Полное имя",
    "Yes": "да",
    "No": "Нет",
    "Changes": "Изменения",
    "AverageExecutionDurationInLogsPerDay": "Средняя продолжительность выполнения",
    "AverageExecutionDurationInMilliseconds": "Средняя продолжительность выполнения в миллисекундах",
    "ErrorRateInLogs": "Частота ошибок в логах",
    "Success": "Успех",
    "Fault": "Вина",
    "NoChanges": "Без изменений)",
    "EntityChanges": "Изменения сущности",
    "EntityId": "Идентификатор объекта",
    "EntityChangeStartTime": "Минимальная дата изменения",
    "EntityChangeEndTime": "Максимальная дата изменения",
    "EntityHistory": "История объекта",
    "DaysAgoTitle": "{0} {1}.",
    "DaysAgoWithUserTitle": "{0} {1} от {2}.",
    "MinutesAgo": "{0} минут назад",
    "HoursAgo": "{0} часов назад",
    "DaysAgo": "{0} дней назад",
    "Created": "Созданный",
    "Updated": "Обновлено",
    "Deleted": "Удалено",
    "ChangeHistory": "История изменений",
    "FullChangeHistory": "Полная история изменений",
    "ChangeDetails": "Изменить детали",
    "DurationMs": "Продолжительность (мс)",
    "StartDate": "Дата начала",
    "EndDate": "Дата окончания",
    "Feature:AuditLoggingGroup": "Ведение журнала аудита",
    "Feature:AuditLoggingEnable": "Включенная страница ведения журнала аудита",
    "Feature:AuditLoggingEnableDescription": "Включить страницу ведения журнала аудита в приложении.",
    "Feature:AuditLoggingSettingManagementEnable": "Включить управление настройками журнала аудита",
    "Feature:AuditLoggingSettingManagementEnableDescription": "Включить конфигурацию управления настройками журнала аудита в приложении.",
    "InvalidAuditLogDeletionSettings": "Недопустимые настройки удаления журнала аудита. Если удаление включено, период должен быть больше 0 дней.",
    "AuditLogSettingsGeneral": "Общие",
    "AuditLogSettingsGlobal": "Глобальные",
    "DisplayName:IsPeriodicDeleterEnabled": "Включить службу очистки в масштабе системы",
    "Description:IsPeriodicDeleterEnabled": "Если эта опция отключена, периодический удалитель не будет работать. Журналы аудита не будут удаляться автоматически.",
    "DisplayName:GlobalIsExpiredDeleterEnabled": "Включить службу очистки для всех арендаторов и хоста",
    "Description:GlobalIsExpiredDeleterEnabled": "Если эта опция включена, все просроченные элементы арендаторов и хоста будут удаляться автоматически, если у них нет специальной настройки.",
    "DisplayName:IsExpiredDeleterEnabled": "Включить службу очистки",
    "Description:IsExpiredDeleterEnabled": "Если эта опция включена, просроченные элементы будут удаляться автоматически.",
    "DisplayName:ExpiredDeleterPeriod": "Период удаления просроченных элементов",
    "Description:ExpiredDeleterPeriod": "Установите количество дней, после которых просроченные элементы будут автоматически удалены.",
    "ExpiredDeleterPeriodUnit": "день(дни)",
    "AuditLogsBeforeXWillBeDeleted": "Журналы аудита до {0} будут удалены.",
    "TenantId": "Идентификатор арендатора",
    "Permission:Export": "Экспорт журналов аудита",
    "ExportToExcel": "Экспорт в Excel",
    "Exporting": "Экспорт",
    "ExportCompleted": "Экспорт успешно завершен",
    "ExportFailed": "Экспорт не удался",
    "ExportJobQueued": "Задача экспорта поставлена в очередь для {0} записей. Вы получите электронное письмо, когда экспорт будет завершен.",
    "ExportReady": "Экспорт завершен для {0} записей и готов к загрузке.",
    "FileName": "Имя файла",
    "TotalRecords": "Всего записей",
    "ExcelFileAttachedMessage": "Файл Excel прикреплен к этому электронному письму.",
    "EntityChangeExportCompletedSubject": "Экспорт изменений сущности завершен",
    "AuditLogExportCompletedSubject": "Экспорт журнала аудита завершен",
    "DownloadLinkExplanation": "Вы можете скачать файл по ссылке ниже до {0} (UTC)",
    "DownloadNow": "Скачать сейчас",
    "TryAgainMessage": "Пожалуйста, попробуйте еще раз. Если проблема не исчезнет, обратитесь в службу поддержки."
  }
}