{
  "culture": "ru",
  "texts": {
    "Permission:AuditLogging": "Ведение журнала аудита",
    "Permission:AuditLogs": "Журналы аудита",
    "Menu:AuditLogging": "Журналы аудита",
    "AuditLogs": "Журналы аудита",
    "HttpStatus": "HTTP-статус",
    "HttpMethod": "HTTP-метод",
    "HttpMethodFilter": "Фильтр HTTP-методов",
    "HttpRequest": "HTTP-запрос",
    "User": "Пользователь",
    "UserNameFilter": "Пользовательский фильтр",
    "HasException": "Имеет исключение",
    "IpAddress": "Айпи адрес",
    "Time": "Время",
    "Date": "Дата",
    "Duration": "Продолжительность",
    "Detail": "Деталь",
    "Overall": "В общем и целом",
    "Actions": "Действия",
    "ClientIpAddress": "IP-адрес клиента",
    "ClientName": "имя клиента",
    "BrowserInfo": "Информация о браузере",
    "Url": "URL",
    "UserName": "Имя пользователя",
    "TenantImpersonator": "Имитатор арендатора",
    "UserImpersonator": "Имитатор пользователя",
    "UrlFilter": "URL-фильтр",
    "Exceptions": "Исключения",
    "Comments": "Комментарии",
    "HttpStatusCode": "Код состояния HTTP",
    "HttpStatusCodeFilter": "Фильтр кода состояния HTTP",
    "ServiceName": "Оказание услуг",
    "MethodName": "Метод",
    "CorrelationId": "Идентификатор корреляции",
    "ApplicationName": "Имя приложения",
    "ExecutionDuration": "Продолжительность",
    "ExtraProperties": "Дополнительные свойства",
    "MaxDuration": "Максимум. Продолжительность",
    "MinDuration": "Мин. Продолжительность",
    "MinMaxDuration": "Продолжительность (Мин.-Макс.)",
    "{0}Milliseconds": "{0} миллисекунд",
    "ExecutionTime": "Время",
    "Parameters": "Параметры",
    "EntityTypeFullName": "Тип объекта Полное имя",
    "Entity": "Сущность",
    "ChangeType": "Тип изменения",
    "ChangeTime": "Время",
    "NewValue": "Новое значение",
    "OriginalValue": "Исходное значение",
    "PropertyName": "Имя свойства",
    "PropertyTypeFullName": "Тип недвижимости Полное имя",
    "Yes": "да",
    "No": "Нет",
    "Changes": "Изменения",
    "AverageExecutionDurationInLogsPerDay": "Средняя продолжительность выполнения",
    "AverageExecutionDurationInMilliseconds": "Средняя продолжительность выполнения в миллисекундах",
    "ErrorRateInLogs": "Частота ошибок в логах",
    "Success": "Успех",
    "Fault": "Вина",
    "NoChanges": "Без изменений)",
    "EntityChanges": "Изменения сущности",
    "EntityId": "Идентификатор объекта",
    "EntityChangeStartTime": "Минимальная дата изменения",
    "EntityChangeEndTime": "Максимальная дата изменения",
    "EntityHistory": "История объекта",
    "DaysAgoTitle": "{0} {1}.",
    "DaysAgoWithUserTitle": "{0} {1} от {2}.",
    "MinutesAgo": "{0} минут назад",
    "HoursAgo": "{0} часов назад",
    "DaysAgo": "{0} дней назад",
    "Created": "Созданный",
    "Updated": "Обновлено",
    "Deleted": "Удалено",
    "ChangeHistory": "История изменений",
    "FullChangeHistory": "Полная история изменений",
    "ChangeDetails": "Изменить детали",
    "DurationMs": "Продолжительность (мс)",
    "StartDate": "Дата начала",
    "EndDate": "Дата окончания",
    "Feature:AuditLoggingGroup": "Ведение журнала аудита",
    "Feature:AuditLoggingEnable": "Включенная страница ведения журнала аудита",
    "Feature:AuditLoggingEnableDescription": "Включить страницу ведения журнала аудита в приложении.",
    "TenantId": "Идентификатор арендатора"
  }
}