{
  "culture": "sk",
  "texts": {
    "Permission:AuditLogging": "Audit logovanie",
    "Permission:AuditLogs": "Audit logy",
    "Menu:AuditLogging": "Audit logy",
    "AuditLogs": "Audit logy",
    "HttpStatus": "Http stav",
    "HttpMethod": "Http metóda",
    "HttpMethodFilter": "Filter metódy Http",
    "HttpRequest": "Http požiadavka",
    "User": "Používateľ",
    "UserNameFilter": "Filter používateľa",
    "HasException": "Má výnimku",
    "IpAddress": "IP adresa",
    "Time": "Čas",
    "Date": "Dátum",
    "Duration": "Trvanie",
    "Detail": "Detail",
    "Overall": "Celkovo",
    "Actions": "Akcie",
    "ClientIpAddress": "IP adresa klienta",
    "ClientName": "Názov klienta",
    "BrowserInfo": "Informácie o prehliadači",
    "Url": "Url",
    "UserName": "Meno používateľa",
    "TenantImpersonator": "Nájomca imitátor",
    "UserImpersonator": "Napodobňovač používateľa",
    "UrlFilter": "Filter URL",
    "Exceptions": "Výnimky",
    "Comments": "Komentáre",
    "HttpStatusCode": "Http stavový kód",
    "HttpStatusCodeFilter": "Filter stavového kódu Http",
    "ServiceName": "Služba",
    "MethodName": "Metóda",
    "CorrelationId": "Id korelácie",
    "ApplicationName": "Názov aplikácie",
    "ExecutionDuration": "Trvanie",
    "ExtraProperties": "Ďalšie vlastnosti",
    "MaxDuration": "Max. trvanie",
    "MinDuration": "Min. trvanie",
    "MinMaxDuration": "Trvanie (min. – max.)",
    "{0}Milliseconds": "{0} milisekúnd",
    "ExecutionTime": "Čas",
    "Parameters": "Parametre",
    "EntityTypeFullName": "Úplný názov typu entity",
    "Entity": "Entita",
    "ChangeType": "Typ zmeny",
    "ChangeTime": "Čas",
    "NewValue": "Nová hodnota",
    "OriginalValue": "Pôvodná hodnota",
    "PropertyName": "Názov vlastnosti",
    "PropertyTypeFullName": "Úplný názov typu vlastnosti",
    "Yes": "Áno",
    "No": "Nie",
    "Changes": "Zmeny",
    "AverageExecutionDurationInLogsPerDay": "Priemerné trvanie vykonávania",
    "AverageExecutionDurationInMilliseconds": "Priemerné trvanie vykonávania v milisekundách",
    "ErrorRateInLogs": "Miera chybovosti v logoch",
    "Success": "Úspech",
    "Fault": "Porucha",
    "NoChanges": "Žiadna/e zmena/y",
    "EntityChanges": "Zmeny entity",
    "EntityId": "Id entity",
    "EntityChangeStartTime": "Min. dátum zmeny",
    "EntityChangeEndTime": "Max. dátum zmeny",
    "EntityHistory": "História entity",
    "DaysAgoTitle": "{0} {1}.",
    "DaysAgoWithUserTitle": "{0} {1} vykonal {2}.",
    "MinutesAgo": "pred {0} minútami",
    "HoursAgo": "pred {0} hodinami",
    "DaysAgo": "pred {0} dňami",
    "Created": "Vytvorená",
    "Updated": "Aktualizovaná",
    "Deleted": "Zmazaná",
    "ChangeHistory": "História zmien",
    "FullChangeHistory": "Úplná história zmien",
    "ChangeDetails": "Podrobnosti zmeny",
    "DurationMs": "Trvanie (ms)",
    "StartDate": "Dátum začiatku",
    "EndDate": "Dátum konca",
    "Feature:AuditLoggingGroup": "Protokolovanie auditu",
    "Feature:AuditLoggingEnable": "Povoliť stránku protokolovania auditu",
    "Feature:AuditLoggingEnableDescription": "Povoliť stránku protokolovania auditu v aplikácii.",
    "Feature:AuditLoggingSettingManagementEnable": "Povoliť správu nastavení protokolu auditu",
    "Feature:AuditLoggingSettingManagementEnableDescription": "Povoliť konfiguráciu správy nastavení protokolu auditu v aplikácii.",
    "InvalidAuditLogDeletionSettings": "Neplatné nastavenia mazania protokolu auditu. Ak je mazanie povolené, obdobie by malo byť väčšie ako 0 dní.",
    "AuditLogSettingsGeneral": "Všeobecné",
    "AuditLogSettingsGlobal": "Globálne",
    "DisplayName:IsPeriodicDeleterEnabled": "Povoliť službu čistenia v celom systéme",
    "Description:IsPeriodicDeleterEnabled": "Ak je táto možnosť zakázaná, periodický mazač nebude fungovať. Protokoly auditu nebudú automaticky mazané.",
    "DisplayName:GlobalIsExpiredDeleterEnabled": "Povoliť službu čistenia pre všetkých nájomcov a hostiteľa",
    "Description:GlobalIsExpiredDeleterEnabled": "Ak je táto možnosť povolená, všetky prešlé položky nájomcov a hostiteľa budú automaticky zmazané, pokiaľ nemajú špecifické nastavenie.",
    "DisplayName:IsExpiredDeleterEnabled": "Povoliť službu čistenia",
    "Description:IsExpiredDeleterEnabled": "Ak je táto možnosť povolená, prešlé položky budú automaticky zmazané.",
    "DisplayName:ExpiredDeleterPeriod": "Obdobie mazania prešlých položiek",
    "Description:ExpiredDeleterPeriod": "Nastavte počet dní, po ktorých budú prešlé položky automaticky zmazané.",
    "ExpiredDeleterPeriodUnit": "deň(dni)",
    "AuditLogsBeforeXWillBeDeleted": "Protokoly auditu pred {0} budú zmazané.",
    "TenantId": "ID nájomcu",
    "Permission:Export": "Exportovať protokoly auditu",
    "ExportToExcel": "Exportovať do Excelu",
    "Exporting": "Exportovanie",
    "ExportCompleted": "Export úspešne dokončený",
    "ExportFailed": "Export sa nepodaril",
    "ExportJobQueued": "Úloha exportu bola zaradená do fronty pre {0} záznamov. Dostanete e-mail, keď bude export dokončený.",
    "ExportReady": "Export dokončený pre {0} záznamov a pripravený na stiahnutie.",
    "FileName": "Názov súboru",
    "TotalRecords": "Celkom záznamov",
    "ExcelFileAttachedMessage": "Súbor Excel je pripojený k tomuto e-mailu.",
    "EntityChangeExportCompletedSubject": "Export zmien entít dokončený",
    "AuditLogExportCompletedSubject": "Export protokolu auditu dokončený",
    "DownloadLinkExplanation": "Súbor si môžete stiahnuť pomocou odkazu nižšie do {0} (UTC)",
    "DownloadNow": "Stiahnuť teraz",
    "TryAgainMessage": "Skúste to prosím znova. Ak problém pretrváva, kontaktujte podporu."
  }
}