{
  "culture": "sk",
  "texts": {
    "Permission:AuditLogging": "Audit logovanie",
    "Permission:AuditLogs": "Audit logy",
    "Menu:AuditLogging": "Audit logy",
    "AuditLogs": "Audit logy",
    "HttpStatus": "Http stav",
    "HttpMethod": "Http metóda",
    "HttpMethodFilter": "Filter metódy Http",
    "HttpRequest": "Http požiadavka",
    "User": "Používateľ",
    "UserNameFilter": "Filter používateľa",
    "HasException": "Má výnimku",
    "IpAddress": "IP adresa",
    "Time": "Čas",
    "Date": "Dátum",
    "Duration": "Trvanie",
    "Detail": "Detail",
    "Overall": "Celkovo",
    "Actions": "Akcie",
    "ClientIpAddress": "IP adresa klienta",
    "ClientName": "Názov klienta",
    "BrowserInfo": "Informácie o prehliadači",
    "Url": "Url",
    "UserName": "Meno používateľa",
    "TenantImpersonator": "Nájomca imitátor",
    "UserImpersonator": "Napodobňovač používateľa",
    "UrlFilter": "Filter URL",
    "Exceptions": "Výnimky",
    "Comments": "Komentáre",
    "HttpStatusCode": "Http stavový kód",
    "HttpStatusCodeFilter": "Filter stavového kódu Http",
    "ServiceName": "Služba",
    "MethodName": "Metóda",
    "CorrelationId": "Id korelácie",
    "ApplicationName": "Názov aplikácie",
    "ExecutionDuration": "Trvanie",
    "ExtraProperties": "Ďalšie vlastnosti",
    "MaxDuration": "Max. trvanie",
    "MinDuration": "Min. trvanie",
    "MinMaxDuration": "Trvanie (min. – max.)",
    "{0}Milliseconds": "{0} milisekúnd",
    "ExecutionTime": "Čas",
    "Parameters": "Parametre",
    "EntityTypeFullName": "Úplný názov typu entity",
    "Entity": "Entita",
    "ChangeType": "Typ zmeny",
    "ChangeTime": "Čas",
    "NewValue": "Nová hodnota",
    "OriginalValue": "Pôvodná hodnota",
    "PropertyName": "Názov vlastnosti",
    "PropertyTypeFullName": "Úplný názov typu vlastnosti",
    "Yes": "Áno",
    "No": "Nie",
    "Changes": "Zmeny",
    "AverageExecutionDurationInLogsPerDay": "Priemerné trvanie vykonávania",
    "AverageExecutionDurationInMilliseconds": "Priemerné trvanie vykonávania v milisekundách",
    "ErrorRateInLogs": "Miera chybovosti v logoch",
    "Success": "Úspech",
    "Fault": "Porucha",
    "NoChanges": "Žiadna/e zmena/y",
    "EntityChanges": "Zmeny entity",
    "EntityId": "Id entity",
    "EntityChangeStartTime": "Min. dátum zmeny",
    "EntityChangeEndTime": "Max. dátum zmeny",
    "EntityHistory": "História entity",
    "DaysAgoTitle": "{0} {1}.",
    "DaysAgoWithUserTitle": "{0} {1} vykonal {2}.",
    "MinutesAgo": "pred {0} minútami",
    "HoursAgo": "pred {0} hodinami",
    "DaysAgo": "pred {0} dňami",
    "Created": "Vytvorená",
    "Updated": "Aktualizovaná",
    "Deleted": "Zmazaná",
    "ChangeHistory": "História zmien",
    "FullChangeHistory": "Úplná história zmien",
    "ChangeDetails": "Podrobnosti zmeny",
    "DurationMs": "Trvanie (ms)",
    "StartDate": "Dátum začiatku",
    "EndDate": "Dátum konca",
    "Feature:AuditLoggingGroup": "Audit logovanie",
    "Feature:AuditLoggingEnable": "Povoliť stránku audit logovania",
    "Feature:AuditLoggingEnableDescription": "Povolená stránka audit logovania v aplikácii.",
    "TenantId": "ID nájomníka"
  }
}