{
  "culture": "sl",
  "texts": {
    "Permission:AuditLogging": "Revizijsko zapisovanje",
    "Permission:AuditLogs": "Revizijski zapisi",
    "Menu:AuditLogging": "Revizijski zapisi",
    "AuditLogs": "Revizijski zapisi",
    "HttpStatus": "Http status",
    "HttpMethod": "Http metoda",
    "HttpMethodFilter": "Filter Http metode",
    "HttpRequest": "Http zahtevek",
    "User": "Uporabnik",
    "UserNameFilter": "Filter po uporabniku",
    "HasException": "Ima napako",
    "IpAddress": "Ip naslov",
    "Time": "Čas",
    "Date": "Datum",
    "Duration": "Trajanje",
    "Detail": "Podrobnosti",
    "Overall": "Splošno",
    "Actions": "Dejanja",
    "ClientIpAddress": "Ip naslov odjemalca",
    "ClientName": "Ime odjemalca",
    "BrowserInfo": "Informacije o brskalniku",
    "Url": "Url",
    "UserName": "Uporabniško ime",
    "TenantImpersonator": "Imitator najemnika",
    "UserImpersonator": "Oponašalec uporabnika",
    "UrlFilter": "Filter po Url",
    "Exceptions": "Napake",
    "Comments": "Komentarji",
    "HttpStatusCode": "Http koda statusa",
    "HttpStatusCodeFilter": "Filter po kodi statusa",
    "ServiceName": "Storitev",
    "MethodName": "Metoda",
    "CorrelationId": "Id korelacije",
    "ApplicationName": "Ime aplikacije",
    "ExecutionDuration": "Trajanje",
    "ExtraProperties": "Dodatne lastnosti",
    "MaxDuration": "Najd. trajanje",
    "MinDuration": "Najk. trajanje",
    "MinMaxDuration": "Trajanje (min. - maks.)",
    "{0}Milliseconds": "{0} milisekund",
    "ExecutionTime": "Čas",
    "Parameters": "Parametri",
    "EntityTypeFullName": "Polno ime vrste entitete",
    "Entity": "Entiteta",
    "ChangeType": "Vrsta spremember",
    "ChangeTime": "Čas",
    "NewValue": "Nova vrednost",
    "OriginalValue": "Prvotna vrednost",
    "PropertyName": "Ime lastnosti",
    "PropertyTypeFullName": "Polno ime vrste lastnosti",
    "Yes": "Da",
    "No": "Ne",
    "Changes": "Spremembe",
    "AverageExecutionDurationInLogsPerDay": "Povprečno trajanje izvedbe",
    "AverageExecutionDurationInMilliseconds": "Povprečno trajanje izvedbe v milisekundah",
    "ErrorRateInLogs": "Stopnja napak v zapisih",
    "Success": "Uspešno",
    "Fault": "Napaka",
    "NoChanges": "Ni sprememb",
    "EntityChanges": "Spremembe entitet",
    "EntityId": "Id. subjekta",
    "EntityChangeStartTime": "Najmanjši datum spremembe",
    "EntityChangeEndTime": "Največji datum spremembe",
    "EntityHistory": "Zgodovina entitete",
    "DaysAgoTitle": "{0} {1}.",
    "DaysAgoWithUserTitle": "{0} {1} avtorja {2}.",
    "MinutesAgo": "pred {0} minutami",
    "HoursAgo": "pred {0} urami",
    "DaysAgo": "pred {0} dnevi",
    "Created": "Ustvarjeno",
    "Updated": "Posodobljeno",
    "Deleted": "Izbrisano",
    "ChangeHistory": "Zgodovina sprememb",
    "FullChangeHistory": "Popolna zgodovina sprememb",
    "ChangeDetails": "Spremeni podrobnosti",
    "DurationMs": "Trajanje (ms)",
    "StartDate": "Začetni datum",
    "EndDate": "Končni datum",
    "Feature:AuditLoggingGroup": "Beleženje revizije",
    "Feature:AuditLoggingEnable": "Omogoči stran beleženja revizije",
    "Feature:AuditLoggingEnableDescription": "Omogočite stran beleženja revizije v aplikaciji.",
    "Feature:AuditLoggingSettingManagementEnable": "Omogoči upravljanje nastavitev dnevnika revizije",
    "Feature:AuditLoggingSettingManagementEnableDescription": "Omogočite konfiguracijo upravljanja nastavitev dnevnika revizije v aplikaciji.",
    "InvalidAuditLogDeletionSettings": "Neveljavne nastavitve brisanja dnevnika revizije. Če je brisanje omogočeno, mora biti obdobje večje od 0 dni.",
    "AuditLogSettingsGeneral": "Splošno",
    "AuditLogSettingsGlobal": "Globalno",
    "DisplayName:IsPeriodicDeleterEnabled": "Omogoči storitev čiščenja po celotnem sistemu",
    "Description:IsPeriodicDeleterEnabled": "Če je ta možnost onemogočena, periodični brisalec ne bo deloval. Dnevniki revizije ne bodo samodejno izbrisani.",
    "DisplayName:GlobalIsExpiredDeleterEnabled": "Omogoči storitev čiščenja za vse najemnike in gostitelja",
    "Description:GlobalIsExpiredDeleterEnabled": "Če je ta možnost omogočena, bodo vsi potekli elementi najemnikov in gostitelja samodejno izbrisani, razen če imajo specifično nastavitev.",
    "DisplayName:IsExpiredDeleterEnabled": "Omogoči storitev čiščenja",
    "Description:IsExpiredDeleterEnabled": "Če je ta možnost omogočena, bodo potekli elementi samodejno izbrisani.",
    "DisplayName:ExpiredDeleterPeriod": "Obdobje brisanja poteklih elementov",
    "Description:ExpiredDeleterPeriod": "Nastavite število dni, po katerih bodo potekli elementi samodejno izbrisani.",
    "ExpiredDeleterPeriodUnit": "dan(i)",
    "AuditLogsBeforeXWillBeDeleted": "Dnevniki revizije pred {0} bodo izbrisani.",
    "TenantId": "ID najemnika",
    "Permission:Export": "Izvozi dnevnike revizije",
    "ExportToExcel": "Izvozi v Excel",
    "Exporting": "Izvažanje",
    "ExportCompleted": "Izvoz uspešno dokončan",
    "ExportFailed": "Izvoz neuspešen",
    "ExportJobQueued": "Naloga izvoza je bila postavljena v vrsto za {0} zapisov. Prejeli boste e-pošto, ko bo izvoz dokončan.",
    "ExportReady": "Izvoz dokončan za {0} zapisov in pripravljen za prenos.",
    "FileName": "Ime datoteke",
    "TotalRecords": "Skupaj zapisov",
    "ExcelFileAttachedMessage": "Datoteka Excel je priložena tej e-pošti.",
    "EntityChangeExportCompletedSubject": "Izvoz sprememb entitet dokončan",
    "AuditLogExportCompletedSubject": "Izvoz dnevnika revizije dokončan",
    "DownloadLinkExplanation": "Datoteko lahko prenesete s spodnjo povezavo do {0} (UTC)",
    "DownloadNow": "Prenesi zdaj",
    "TryAgainMessage": "Prosimo, poskusite znova. Če težava vztraja, se obrnite na podporo."
  }
}