{
  "culture": "sv",
  "texts": {
    "Permission:AuditLogging": "Granskning av loggning",
    "Permission:AuditLogs": "Granskningsloggar",
    "Menu:AuditLogging": "Granskningsloggar",
    "AuditLogs": "Granskningsloggar",
    "HttpStatus": "HTTP-status",
    "HttpMethod": "HTTP-metod",
    "HttpMethodFilter": "Filter för HTTP-metod",
    "HttpRequest": "HTTP-förfrågan",
    "User": "Användare",
    "UserNameFilter": "Användarfilter",
    "HasException": "Har undantag",
    "IpAddress": "IP-adress",
    "Time": "Tid",
    "Date": "Datum",
    "Duration": "Varaktighet",
    "Detail": "Detalj",
    "Overall": "Övergripande",
    "Actions": "Åtgärder",
    "ClientIpAddress": "Klientens IP-adress",
    "ClientName": "Kundens namn",
    "BrowserInfo": "Info om webbläsare",
    "Url": "URL",
    "UserName": "Användarens namn",
    "TenantImpersonator": "Imitation av hyresgäst",
    "UserImpersonator": "Användarimitatör",
    "UrlFilter": "URL-filter",
    "Exceptions": "Undantag",
    "Comments": "Kommentarer",
    "HttpStatusCode": "HTTP-statuskod",
    "HttpStatusCodeFilter": "Filter för HTTP-statuskod",
    "ServiceName": "Service",
    "MethodName": "Metod",
    "CorrelationId": "Korrelation Id",
    "ApplicationName": "Applikationens namn",
    "ExecutionDuration": "Varaktighet",
    "ExtraProperties": "Extra egenskaper",
    "MaxDuration": "Max. varaktighet",
    "MinDuration": "Min. varaktighet",
    "MinMaxDuration": "Varaktighet (min. - max.)",
    "{0}Milliseconds": "{0} millisekunder",
    "ExecutionTime": "Tid",
    "Parameters": "Parametrar",
    "EntityTypeFullName": "Entitetstyp Fullständigt namn",
    "Entity": "Entitet",
    "ChangeType": "Ändra typ",
    "ChangeTime": "Tid",
    "NewValue": "Nytt värde",
    "OriginalValue": "Ursprungligt värde",
    "PropertyName": "Namn på fastighet",
    "PropertyTypeFullName": "Fastighetstyp Fullständigt namn",
    "Yes": "Ja",
    "No": "Nej",
    "Changes": "Förändringar",
    "AverageExecutionDurationInLogsPerDay": "Genomsnittlig exekveringstid",
    "AverageExecutionDurationInMilliseconds": "Genomsnittlig exekveringstid i millisekunder",
    "ErrorRateInLogs": "Felprocent i loggar",
    "Success": "Framgång",
    "Fault": "Fel",
    "NoChanges": "Ingen förändring(ar)",
    "EntityChanges": "Förändringar av enheter",
    "EntityId": "Entitet Id",
    "EntityChangeStartTime": "Min ändringsdatum",
    "EntityChangeEndTime": "Max ändringsdatum",
    "EntityHistory": "Enhetens historia",
    "DaysAgoTitle": "{0} {1}.",
    "DaysAgoWithUserTitle": "{0} {1} av {2}.",
    "MinutesAgo": "{0} minuter sedan",
    "HoursAgo": "{0} timmar sedan",
    "DaysAgo": "{0} dagar sedan",
    "Created": "Skapad",
    "Updated": "Uppdaterad",
    "Deleted": "Borttagen",
    "ChangeHistory": "Ändra historik",
    "FullChangeHistory": "Fullständig ändringshistorik",
    "ChangeDetails": "Ändra detaljer",
    "DurationMs": "Varaktighet (ms)",
    "StartDate": "Startdatum",
    "EndDate": "Slutdatum",
    "Feature:AuditLoggingGroup": "Granskning av loggning",
    "Feature:AuditLoggingEnable": "Aktivera granskningsloggning sida",
    "Feature:AuditLoggingEnableDescription": "Aktivera sidan för granskningsloggning i programmet.",
    "Feature:AuditLoggingSettingManagementEnable": "Aktivera hantering av inställningar för granskningslogg",
    "Feature:AuditLoggingSettingManagementEnableDescription": "Aktivera konfigurationen av inställningshanteringen för granskningsloggen i programmet.",
    "InvalidAuditLogDeletionSettings": "Ogiltiga inställningar för radering av revisionslogg. Om radering är aktiverad ska perioden vara större än 0 dagar.",
    "AuditLogSettingsGeneral": "Allmänt",
    "AuditLogSettingsGlobal": "Globalt",
    "DisplayName:IsPeriodicDeleterEnabled": "Möjliggör uppstädning av hela systemet",
    "Description:IsPeriodicDeleterEnabled": "Om detta alternativ är avaktiverat fungerar inte den periodiska raderingen. Granskningsloggar kommer inte att raderas automatiskt.",
    "DisplayName:GlobalIsExpiredDeleterEnabled": "Aktivera städservice för alla hyresgäster och värd",
    "Description:GlobalIsExpiredDeleterEnabled": "Om det här alternativet är aktiverat raderas alla förfallna objekt för hyresgäster och värd automatiskt om det inte har en specifik inställning.",
    "DisplayName:IsExpiredDeleterEnabled": "Möjliggör städning",
    "Description:IsExpiredDeleterEnabled": "Om detta alternativ är aktiverat raderas de utgångna artiklarna automatiskt.",
    "DisplayName:ExpiredDeleterPeriod": "Utgången raderingsperiod för objekt",
    "Description:ExpiredDeleterPeriod": "Ställ in antalet dagar efter vilka utgångna objekt automatiskt ska raderas.",
    "ExpiredDeleterPeriodUnit": "dag(ar)",
    "AuditLogsBeforeXWillBeDeleted": "Granskningsloggar före {0} kommer att raderas.",
    "TenantId": "Hyresgäst-ID"
  }
}