{
  "culture": "sv",
  "texts": {
    "Permission:AuditLogging": "Granskning av loggning",
    "Permission:AuditLogs": "Granskningsloggar",
    "Menu:AuditLogging": "Granskningsloggar",
    "AuditLogs": "Granskningsloggar",
    "HttpStatus": "HTTP-status",
    "HttpMethod": "HTTP-metod",
    "HttpMethodFilter": "Filter för HTTP-metod",
    "HttpRequest": "HTTP-förfrågan",
    "User": "Användare",
    "UserNameFilter": "Användarfilter",
    "HasException": "Har undantag",
    "IpAddress": "IP-adress",
    "Time": "Tid",
    "Date": "Datum",
    "Duration": "Varaktighet",
    "Detail": "Detalj",
    "Overall": "Övergripande",
    "Actions": "Åtgärder",
    "ClientIpAddress": "Klientens IP-adress",
    "ClientName": "Kundens namn",
    "BrowserInfo": "Info om webbläsare",
    "Url": "URL",
    "UserName": "Användarens namn",
    "TenantImpersonator": "Imitation av hyresgäst",
    "UserImpersonator": "Användarimitatör",
    "UrlFilter": "URL-filter",
    "Exceptions": "Undantag",
    "Comments": "Kommentarer",
    "HttpStatusCode": "HTTP-statuskod",
    "HttpStatusCodeFilter": "Filter för HTTP-statuskod",
    "ServiceName": "Service",
    "MethodName": "Metod",
    "CorrelationId": "Korrelation Id",
    "ApplicationName": "Applikationens namn",
    "ExecutionDuration": "Varaktighet",
    "ExtraProperties": "Extra egenskaper",
    "MaxDuration": "Max. varaktighet",
    "MinDuration": "Min. varaktighet",
    "MinMaxDuration": "Varaktighet (min. - max.)",
    "{0}Milliseconds": "{0} millisekunder",
    "ExecutionTime": "Tid",
    "Parameters": "Parametrar",
    "EntityTypeFullName": "Entitetstyp Fullständigt namn",
    "Entity": "Entitet",
    "ChangeType": "Ändra typ",
    "ChangeTime": "Tid",
    "NewValue": "Nytt värde",
    "OriginalValue": "Ursprungligt värde",
    "PropertyName": "Namn på fastighet",
    "PropertyTypeFullName": "Fastighetstyp Fullständigt namn",
    "Yes": "Ja",
    "No": "Nej",
    "Changes": "Förändringar",
    "AverageExecutionDurationInLogsPerDay": "Genomsnittlig exekveringstid",
    "AverageExecutionDurationInMilliseconds": "Genomsnittlig exekveringstid i millisekunder",
    "ErrorRateInLogs": "Felprocent i loggar",
    "Success": "Framgång",
    "Fault": "Fel",
    "NoChanges": "Ingen förändring(ar)",
    "EntityChanges": "Förändringar av enheter",
    "EntityId": "Entitet Id",
    "EntityChangeStartTime": "Min ändringsdatum",
    "EntityChangeEndTime": "Max ändringsdatum",
    "EntityHistory": "Enhetens historia",
    "DaysAgoTitle": "{0} {1}.",
    "DaysAgoWithUserTitle": "{0} {1} av {2}.",
    "MinutesAgo": "{0} minuter sedan",
    "HoursAgo": "{0} timmar sedan",
    "DaysAgo": "{0} dagar sedan",
    "Created": "Skapad",
    "Updated": "Uppdaterad",
    "Deleted": "Borttagen",
    "ChangeHistory": "Ändra historik",
    "FullChangeHistory": "Fullständig ändringshistorik",
    "ChangeDetails": "Ändra detaljer",
    "DurationMs": "Varaktighet (ms)",
    "StartDate": "Startdatum",
    "EndDate": "Slutdatum",
    "Feature:AuditLoggingGroup": "Granskningsloggning",
    "Feature:AuditLoggingEnable": "Aktivera granskningsloggningssida",
    "Feature:AuditLoggingEnableDescription": "Aktivera granskningsloggningssidan i applikationen.",
    "Feature:AuditLoggingSettingManagementEnable": "Aktivera hantering av granskningslogginställningar",
    "Feature:AuditLoggingSettingManagementEnableDescription": "Aktivera konfiguration av hantering av granskningslogginställningar inom applikationen.",
    "InvalidAuditLogDeletionSettings": "Ogiltiga inställningar för borttagning av granskningslogg. Om borttagning är aktiverat ska perioden vara större än 0 dagar.",
    "AuditLogSettingsGeneral": "Allmänt",
    "AuditLogSettingsGlobal": "Globalt",
    "DisplayName:IsPeriodicDeleterEnabled": "Aktivera rengöringstjänst systemomfattande",
    "Description:IsPeriodicDeleterEnabled": "Om detta alternativ är inaktiverat kommer den periodiska raderaren inte att fungera. Granskningsloggar kommer inte att raderas automatiskt.",
    "DisplayName:GlobalIsExpiredDeleterEnabled": "Aktivera rengöringstjänst för alla hyresgäster och värd",
    "Description:GlobalIsExpiredDeleterEnabled": "Om detta alternativ är aktiverat kommer alla utgångna objekt för hyresgäster och värd att raderas automatiskt såvida de inte har en specifik inställning.",
    "DisplayName:IsExpiredDeleterEnabled": "Aktivera rengöringstjänst",
    "Description:IsExpiredDeleterEnabled": "Om detta alternativ är aktiverat kommer utgångna objekt att raderas automatiskt.",
    "DisplayName:ExpiredDeleterPeriod": "Period för radering av utgångna objekt",
    "Description:ExpiredDeleterPeriod": "Ange antalet dagar efter vilka utgångna objekt kommer att raderas automatiskt.",
    "ExpiredDeleterPeriodUnit": "dag(ar)",
    "AuditLogsBeforeXWillBeDeleted": "Granskningsloggar före {0} kommer att raderas.",
    "TenantId": "Hyresgäst-ID",
    "Permission:Export": "Exportera granskningsloggar",
    "ExportToExcel": "Exportera till Excel",
    "Exporting": "Exporterar",
    "ExportCompleted": "Export slutförd framgångsrikt",
    "ExportFailed": "Export misslyckades",
    "ExportJobQueued": "Exportjobb har köats för {0} poster. Du kommer att få ett e-postmeddelande när exporten är klar.",
    "ExportReady": "Export slutförd för {0} poster och redo för nedladdning.",
    "FileName": "Filnamn",
    "TotalRecords": "Totalt antal poster",
    "ExcelFileAttachedMessage": "Excel-filen är bifogad till detta e-postmeddelande.",
    "EntityChangeExportCompletedSubject": "Export av entitetsändringar slutförd",
    "AuditLogExportCompletedSubject": "Export av granskningslogg slutförd",
    "DownloadLinkExplanation": "Du kan ladda ner filen via länken nedan fram till {0} (UTC)",
    "DownloadNow": "Ladda ner nu",
    "TryAgainMessage": "Försök igen. Om problemet kvarstår, kontakta support."
  }
}