{
  "culture": "tr",
  "texts": {
    "Permission:AuditLogging": "İşlem Kayıtları",
    "Permission:AuditLogs": "İşlem Kayıtlarına erişim",
    "Actions": "Aksiyonlar",
    "AuditLogs": "Kullanıcı işlem logları",
    "BrowserInfo": "Tarayıcı Bilgisi",
    "Changes": "Değişiklikler",
    "ChangeTime": "Değişiklik Tarihi",
    "ChangeType": "Değişiklik Türü",
    "ClientIpAddress": "İstemci Ip Adresi",
    "ClientName": "İstemci Adı",
    "Comments": "Yorumlar",
    "Detail": "Detay",
    "Duration": "Süre",
    "Entity": "Entity",
    "EntityTypeFullName": "Entity Tipi",
    "Exceptions": "Hatalar",
    "ExecutionDuration": "Geçen Süre",
    "HasException": "Hata var mı?",
    "MaxDuration": "Max. süre",
    "MinDuration": "Min. süre",
    "ExecutionTime": "İşlem Tarihi",
    "HttpMethod": "Http Metodu",
    "HttpMethodFilter": "Http Method Filtresi",
    "HttpRequest": "Http İstemi",
    "HttpStatus": "Http Durumu",
    "HttpStatusCode": "Http Durum Kodu",
    "HttpStatusCodeFilter": "Http Durum Kodu Filtresi",
    "CorrelationId": "Korelasyon ID",
    "ApplicationName": "Uygulama ismi",
    "IpAddress": "Ip Adresi",
    "Menu:AuditLogging": "Kullanıcı işlem logları",
    "MethodName": "Method",
    "ExtraProperties": "Ekstra özellikler",
    "NewValue": "Yeni Değer",
    "{0}Milliseconds": "{0} milisaniye",
    "OriginalValue": "İlk Değer",
    "Overall": "Genel",
    "Parameters": "Parametreler",
    "PropertyName": "Property Adı",
    "PropertyTypeFullName": "Property Türü",
    "ServiceName": "Servis",
    "Time": "Tarih",
    "Date": "Tarih",
    "Url": "Url",
    "UserName": "Kullanıcı adı",
    "TenantImpersonator": "Müşteri Taklitçisi",
    "UserImpersonator": "Kullanıcı Taklitçisi",
    "UrlFilter": "Url Filtresi",
    "User": "Kullanıcı",
    "Yes": "Evet",
    "No": "Hayır",
    "UserNameFilter": "Kullanıcı Filtresi",
    "AverageExecutionDurationInLogsPerDay": "Ortalama İşlem Süresi",
    "AverageExecutionDurationInMilliseconds": "Milisaniye cinsinden ortalama işlem süresi",
    "ErrorRateInLogs": "Loglardaki Hata Oranı",
    "Success": "Başarılı",
    "Fault": "Hatalı",
    "NoChanges": "Değişiklik yok",
    "EntityChanges": "Entity Değişiklikleri",
    "EntityId": "Entity Id",
    "EntityChangeStartTime": "Min Değişiklik Tarihi",
    "EntityChangeEndTime": "Max Değişiklik Tarihi",
    "EntityHistory": "Entity Geçmişi",
    "DaysAgoTitle": "{1} {0}.",
    "DaysAgoWithUserTitle": "{1} {2} tarafından {0}.",
    "MinutesAgo": "{0} dakika önce",
    "HoursAgo": "{0} saat önce",
    "DaysAgo": "{0} gün önce",
    "Created": "Oluşturuldu",
    "Updated": "Güncellendi",
    "Deleted": "Silindi",
    "ChangeHistory": "Değişiklik Geçmişi",
    "FullChangeHistory": "Tüm Değişiklik Geçmişi",
    "ChangeDetails": "Değişiklik Detayı",
    "DurationMs": "Süre (ms)",
    "StartDate": "Başlangıç Tarihi",
    "EndDate": "Bitiş Tarihi",
    "Feature:AuditLoggingGroup": "İşlem Kayıtları",
    "Feature:AuditLoggingEnable": "İşlem kayıtları sayfasını etkinleştirin",
    "Feature:AuditLoggingEnableDescription": "Uygulamadanızdaki işlem kayıtları sayfasını etkinleştirir.",
    "MinMaxDuration": "Süre (Min. - Max.)",
    "TenantId": "Müşteri Id",
    "Permission:Export": "İşlem kayıtlarını dışa aktar",
    "ExportToExcel": "Excel'e Aktar",
    "Exporting": "Aktarılıyor",
    "ExportCompleted": "Aktarma başarıyla tamamlandı",
    "ExportFailed": "Aktarma başarısız",
    "ExportJobQueued": "{0} kayıt için dışa aktarma işi sıraya alındı. İşlem tamamlandığında e-posta ile bilgilendirileceksiniz.",
    "ExportReady": "{0} kayıt için dışa aktarma tamamlandı ve indirme için hazır.",
    "FileName": "Dosya adı",
    "TotalRecords": "Toplam kayıt",
    "ExcelFileAttachedMessage": "Excel dosyası bu e-postaya eklenmiştir.",
    "EntityChangeExportCompletedSubject": "Entity değişiklik dışa aktarma tamamlandı",
    "AuditLogExportCompletedSubject": "İşlem log dışa aktarma tamamlandı",
    "DownloadLinkExplanation": "Dosyayı aşağıdaki bağlantıyı kullanarak {0} (UTC) tarihine kadar indirebilirsiniz",
    "DownloadNow": "Şimdi İndir",
    "TryAgainMessage": "Lütfen tekrar deneyin. Sorun devam ederse, lütfen destek ekibiyle iletişime geçin."
  }
}
