{
  "culture": "zh-Hans",
  "texts": {
    "Permission:AuditLogging": "审计日志",
    "Permission:AuditLogs": "审计日志",
    "Menu:AuditLogging": "审计日志",
    "AuditLogs": "审计日志",
    "HttpStatus": "HTTP 状态",
    "HttpMethod": "HTTP 方法",
    "HttpMethodFilter": "HTTP 方法过滤器",
    "HttpRequest": "HTTP 请求",
    "User": "用户",
    "UserNameFilter": "用户过滤器",
    "HasException": "有例外情况",
    "IpAddress": "IP 地址",
    "Time": "时间",
    "Date": "日期",
    "Duration": "持续时间",
    "Detail": "详细信息",
    "Overall": "总体",
    "Actions": "操作",
    "ClientIpAddress": "客户端 IP 地址",
    "ClientName": "客户名称",
    "BrowserInfo": "浏览器信息",
    "Url": "网址",
    "UserName": "用户名",
    "TenantImpersonator": "租户模拟",
    "UserImpersonator": "用户模拟",
    "UrlFilter": "URL 过滤器",
    "Exceptions": "异常",
    "Comments": "评论",
    "HttpStatusCode": "HTTP 状态代码",
    "HttpStatusCodeFilter": "HTTP 状态代码过滤器",
    "ServiceName": "服务",
    "MethodName": "方法",
    "CorrelationId": "相关标识",
    "ApplicationName": "应用名称",
    "ExecutionDuration": "持续时间",
    "ExtraProperties": "额外属性",
    "MaxDuration": "最大持续时间",
    "MinDuration": "分钟持续时间",
    "MinMaxDuration": "持续时间（最短 - 最长）",
    "{0}Milliseconds": "{0}毫秒",
    "ExecutionTime": "时间",
    "Parameters": "参数",
    "EntityTypeFullName": "实体类型 全名",
    "Entity": "实体",
    "ChangeType": "更改类型",
    "ChangeTime": "时间",
    "NewValue": "新值",
    "OriginalValue": "原始值",
    "PropertyName": "属性名称",
    "PropertyTypeFullName": "属性类型全名",
    "Yes": "是",
    "No": "没有",
    "Changes": "变化",
    "AverageExecutionDurationInLogsPerDay": "平均执行时间",
    "AverageExecutionDurationInMilliseconds": "平均执行时间（毫秒）",
    "ErrorRateInLogs": "日志中的错误率",
    "Success": "成功",
    "Fault": "故障",
    "NoChanges": "无变化",
    "EntityChanges": "实体变化",
    "EntityId": "实体 ID",
    "EntityChangeStartTime": "最小更改日期",
    "EntityChangeEndTime": "最大更改日期",
    "EntityHistory": "实体历史",
    "DaysAgoTitle": "{0} {1}.",
    "DaysAgoWithUserTitle": "{0} {1} by {2}。",
    "MinutesAgo": "{0}分钟前",
    "HoursAgo": "{0}小时前",
    "DaysAgo": "{0}天前",
    "Created": "创建",
    "Updated": "已更新",
    "Deleted": "已删除",
    "ChangeHistory": "变更记录",
    "FullChangeHistory": "全部变更记录",
    "ChangeDetails": "变更详情",
    "DurationMs": "持续时间（毫秒）",
    "StartDate": "开始日期",
    "EndDate": "结束日期",
    "Feature:AuditLoggingGroup": "审计日志",
    "Feature:AuditLoggingEnable": "启用审计日志页面",
    "Feature:AuditLoggingEnableDescription": "在应用程序中启用审计日志页面。",
    "Feature:AuditLoggingSettingManagementEnable": "启用审计日志设置管理",
    "Feature:AuditLoggingSettingManagementEnableDescription": "在应用程序中启用审计日志设置管理的配置。",
    "InvalidAuditLogDeletionSettings": "无效的审计日志删除设置。如果启用删除，期间应大于0天。",
    "AuditLogSettingsGeneral": "常规",
    "AuditLogSettingsGlobal": "全局",
    "DisplayName:IsPeriodicDeleterEnabled": "启用系统范围的清理服务",
    "Description:IsPeriodicDeleterEnabled": "如果禁用此选项，定期删除器将不工作。审计日志不会自动删除。",
    "DisplayName:GlobalIsExpiredDeleterEnabled": "为所有租户和主机启用清理服务",
    "Description:GlobalIsExpiredDeleterEnabled": "如果启用此选项，所有租户和主机的过期项目将自动删除，除非有特定设置。",
    "DisplayName:IsExpiredDeleterEnabled": "启用清理服务",
    "Description:IsExpiredDeleterEnabled": "如果启用此选项，过期项目将自动删除。",
    "DisplayName:ExpiredDeleterPeriod": "过期项目删除期间",
    "Description:ExpiredDeleterPeriod": "设置过期项目自动删除的天数。",
    "ExpiredDeleterPeriodUnit": "天",
    "AuditLogsBeforeXWillBeDeleted": "{0}之前的审计日志将被删除。",
    "TenantId": "租户ID",
    "Permission:Export": "导出审计日志",
    "ExportToExcel": "导出到Excel",
    "Exporting": "导出中",
    "ExportCompleted": "导出成功完成",
    "ExportFailed": "导出失败",
    "ExportJobQueued": "导出作业已为{0}条记录排队。导出完成后您将收到电子邮件。",
    "ExportReady": "{0}条记录的导出已完成，可以下载。",
    "FileName": "文件名",
    "TotalRecords": "总记录数",
    "ExcelFileAttachedMessage": "Excel文件已附加到此电子邮件。",
    "EntityChangeExportCompletedSubject": "实体变更导出已完成",
    "AuditLogExportCompletedSubject": "审计日志导出已完成",
    "DownloadLinkExplanation": "您可以使用下面的链接下载文件，直到{0}（UTC）",
    "DownloadNow": "立即下载",
    "TryAgainMessage": "请再试一次。如果问题仍然存在，请联系支持人员。"
  }
}