{
  "culture": "zh-Hans",
  "texts": {
    "Permission:AuditLogging": "审计日志",
    "Permission:AuditLogs": "审计日志",
    "Menu:AuditLogging": "审计日志",
    "AuditLogs": "审计日志",
    "HttpStatus": "HTTP 状态",
    "HttpMethod": "HTTP 方法",
    "HttpMethodFilter": "HTTP 方法过滤器",
    "HttpRequest": "HTTP 请求",
    "User": "用户",
    "UserNameFilter": "用户过滤器",
    "HasException": "有例外情况",
    "IpAddress": "IP 地址",
    "Time": "时间",
    "Date": "日期",
    "Duration": "持续时间",
    "Detail": "详细信息",
    "Overall": "总体",
    "Actions": "操作",
    "ClientIpAddress": "客户端 IP 地址",
    "ClientName": "客户名称",
    "BrowserInfo": "浏览器信息",
    "Url": "网址",
    "UserName": "用户名",
    "TenantImpersonator": "租户模拟",
    "UserImpersonator": "用户模拟",
    "UrlFilter": "URL 过滤器",
    "Exceptions": "异常",
    "Comments": "评论",
    "HttpStatusCode": "HTTP 状态代码",
    "HttpStatusCodeFilter": "HTTP 状态代码过滤器",
    "ServiceName": "服务",
    "MethodName": "方法",
    "CorrelationId": "相关标识",
    "ApplicationName": "应用名称",
    "ExecutionDuration": "持续时间",
    "ExtraProperties": "额外属性",
    "MaxDuration": "最大持续时间",
    "MinDuration": "分钟持续时间",
    "MinMaxDuration": "持续时间（最短 - 最长）",
    "{0}Milliseconds": "{0}毫秒",
    "ExecutionTime": "时间",
    "Parameters": "参数",
    "EntityTypeFullName": "实体类型 全名",
    "Entity": "实体",
    "ChangeType": "更改类型",
    "ChangeTime": "时间",
    "NewValue": "新值",
    "OriginalValue": "原始值",
    "PropertyName": "属性名称",
    "PropertyTypeFullName": "属性类型全名",
    "Yes": "是",
    "No": "没有",
    "Changes": "变化",
    "AverageExecutionDurationInLogsPerDay": "平均执行时间",
    "AverageExecutionDurationInMilliseconds": "平均执行时间（毫秒）",
    "ErrorRateInLogs": "日志中的错误率",
    "Success": "成功",
    "Fault": "故障",
    "NoChanges": "无变化",
    "EntityChanges": "实体变化",
    "EntityId": "实体 ID",
    "EntityChangeStartTime": "最小更改日期",
    "EntityChangeEndTime": "最大更改日期",
    "EntityHistory": "实体历史",
    "DaysAgoTitle": "{0} {1}.",
    "DaysAgoWithUserTitle": "{0} {1} by {2}。",
    "MinutesAgo": "{0}分钟前",
    "HoursAgo": "{0}小时前",
    "DaysAgo": "{0}天前",
    "Created": "创建",
    "Updated": "已更新",
    "Deleted": "已删除",
    "ChangeHistory": "变更记录",
    "FullChangeHistory": "全部变更记录",
    "ChangeDetails": "变更详情",
    "DurationMs": "持续时间（毫秒）",
    "StartDate": "开始日期",
    "EndDate": "结束日期",
    "Feature:AuditLoggingGroup": "审计日志",
    "Feature:AuditLoggingEnable": "启用审计记录页面",
    "Feature:AuditLoggingEnableDescription": "在应用程序中启用审计日志页面。",
    "TenantId": "租户 ID"
  }
}