{
  "culture": "zh-Hant",
  "texts": {
    "Permission:AuditLogging": "審計日誌",
    "Permission:AuditLogs": "審計日誌",
    "Menu:AuditLogging": "審計日誌",
    "AuditLogs": "審計日誌",
    "HttpStatus": "Http狀態",
    "HttpMethod": "Http方法",
    "HttpMethodFilter": "Http方法過濾",
    "HttpRequest": "Http請求",
    "User": "使用者",
    "UserNameFilter": "使用者過濾",
    "HasException": "存在異常",
    "IpAddress": "IP地址",
    "Time": "時間",
    "Date": "日期",
    "Duration": "持續時間",
    "Detail": "詳情",
    "Overall": "總體",
    "Actions": "操作",
    "ClientIpAddress": "客戶端IP地址",
    "ClientName": "客戶端名稱",
    "BrowserInfo": "瀏覽器資訊",
    "Url": "Url",
    "UserName": "使用者名稱",
    "TenantImpersonator": "租戶模擬",
    "UserImpersonator": "用戶模擬",
    "UrlFilter": "Url過濾",
    "Exceptions": "異常",
    "Comments": "評論",
    "HttpStatusCode": "Http狀態碼",
    "HttpStatusCodeFilter": "Http狀態碼過濾",
    "ServiceName": "服務名稱",
    "MethodName": "方法名稱",
    "CorrelationId": "關聯Id",
    "ApplicationName": "應用名稱",
    "ExecutionDuration": "持續時間",
    "ExtraProperties": "額外屬性",
    "MaxDuration": "最大持續時間",
    "MinDuration": "最小持續時間",
    "MinMaxDuration": "持續時間（最短-最長）",
    "{0}Milliseconds": "{0} 毫秒",
    "ExecutionTime": "時間",
    "Parameters": "參數",
    "EntityTypeFullName": "實體型別全名",
    "Entity": "實體",
    "ChangeType": "更改型別",
    "ChangeTime": "時間",
    "NewValue": "新值",
    "OriginalValue": "原始值",
    "PropertyName": "屬性名稱",
    "PropertyTypeFullName": "屬性型別全名",
    "Yes": "Yes",
    "No": "No",
    "Changes": "變化",
    "AverageExecutionDurationInLogsPerDay": "平均處理時間(每天日誌)",
    "AverageExecutionDurationInMilliseconds": "平均處理時間(毫秒)",
    "ErrorRateInLogs": "日誌中的錯誤率",
    "Success": "成功",
    "Fault": "故障",
    "NoChanges": "沒有變化",
    "EntityChanges": "實體變更",
    "EntityId": "實體Id",
    "EntityChangeStartTime": "最小更改日期",
    "EntityChangeEndTime": "最大更改日期",
    "EntityHistory": "實體歷史",
    "DaysAgoTitle": "{0} {1}.",
    "DaysAgoWithUserTitle": "{0} {1} 通過 {2}.",
    "MinutesAgo": "{0}分鐘前",
    "HoursAgo": "{0}小時前",
    "DaysAgo": "{0}天前",
    "Created": "建立",
    "Updated": "更新",
    "Deleted": "已刪除",
    "ChangeHistory": "變更記錄",
    "FullChangeHistory": "完整的變更記錄",
    "ChangeDetails": "變更詳情",
    "DurationMs": "持續時間(毫秒)",
    "StartDate": "開始時間",
    "EndDate": "結束時間",
    "Feature:AuditLoggingGroup": "稽核日誌",
    "Feature:AuditLoggingEnable": "啟用稽核日誌頁面",
    "Feature:AuditLoggingEnableDescription": "在應用程式中啟用稽核日誌頁面。",
    "Feature:AuditLoggingSettingManagementEnable": "啟用稽核日誌設定管理",
    "Feature:AuditLoggingSettingManagementEnableDescription": "在應用程式中啟用稽核日誌設定管理的配置。",
    "InvalidAuditLogDeletionSettings": "無效的稽核日誌刪除設定。如果啟用刪除，期間應大於0天。",
    "AuditLogSettingsGeneral": "一般",
    "AuditLogSettingsGlobal": "全域",
    "DisplayName:IsPeriodicDeleterEnabled": "啟用系統範圍的清理服務",
    "Description:IsPeriodicDeleterEnabled": "如果停用此選項，定期刪除器將不工作。稽核日誌不會自動刪除。",
    "DisplayName:GlobalIsExpiredDeleterEnabled": "為所有租戶和主機啟用清理服務",
    "Description:GlobalIsExpiredDeleterEnabled": "如果啟用此選項，所有租戶和主機的過期項目將自動刪除，除非有特定設定。",
    "DisplayName:IsExpiredDeleterEnabled": "啟用清理服務",
    "Description:IsExpiredDeleterEnabled": "如果啟用此選項，過期項目將自動刪除。",
    "DisplayName:ExpiredDeleterPeriod": "過期項目刪除期間",
    "Description:ExpiredDeleterPeriod": "設定過期項目自動刪除的天數。",
    "ExpiredDeleterPeriodUnit": "天",
    "AuditLogsBeforeXWillBeDeleted": "{0}之前的稽核日誌將被刪除。",
    "TenantId": "租戶ID",
    "Permission:Export": "匯出稽核日誌",
    "ExportToExcel": "匯出到Excel",
    "Exporting": "匯出中",
    "ExportCompleted": "匯出成功完成",
    "ExportFailed": "匯出失敗",
    "ExportJobQueued": "匯出作業已為{0}條記錄排隊。匯出完成後您將收到電子郵件。",
    "ExportReady": "{0}條記錄的匯出已完成，可以下載。",
    "FileName": "檔案名稱",
    "TotalRecords": "總記錄數",
    "ExcelFileAttachedMessage": "Excel檔案已附加到此電子郵件。",
    "EntityChangeExportCompletedSubject": "實體變更匯出已完成",
    "AuditLogExportCompletedSubject": "稽核日誌匯出已完成",
    "DownloadLinkExplanation": "您可以使用下面的連結下載檔案，直到{0}（UTC）",
    "DownloadNow": "立即下載",
    "TryAgainMessage": "請再試一次。如果問題仍然存在，請聯絡支援人員。"
  }
}