{
  "name": "Volo.Abp.AuditLogging.MongoDB",
  "hash": "",
  "contents": [
    {
      "namespace": "Volo.Abp.AuditLogging.MongoDB",
      "dependsOnModules": [
        {
          "declaringAssemblyName": "Volo.Abp.AuditLogging.Domain",
          "namespace": "Volo.Abp.AuditLogging",
          "name": "AbpAuditLoggingDomainModule"
        },
        {
          "declaringAssemblyName": "Volo.Abp.MongoDB",
          "namespace": "Volo.Abp.MongoDB",
          "name": "AbpMongoDbModule"
        }
      ],
      "implementingInterfaces": [
        {
          "name": "IAbpModule",
          "namespace": "Volo.Abp.Modularity",
          "declaringAssemblyName": "Volo.Abp.Core",
          "fullName": "Volo.Abp.Modularity.IAbpModule"
        },
        {
          "name": "IOnPreApplicationInitialization",
          "namespace": "Volo.Abp.Modularity",
          "declaringAssemblyName": "Volo.Abp.Core",
          "fullName": "Volo.Abp.Modularity.IOnPreApplicationInitialization"
        },
        {
          "name": "IOnApplicationInitialization",
          "namespace": "Volo.Abp",
          "declaringAssemblyName": "Volo.Abp.Core",
          "fullName": "Volo.Abp.IOnApplicationInitialization"
        },
        {
          "name": "IOnPostApplicationInitialization",
          "namespace": "Volo.Abp.Modularity",
          "declaringAssemblyName": "Volo.Abp.Core",
          "fullName": "Volo.Abp.Modularity.IOnPostApplicationInitialization"
        },
        {
          "name": "IOnApplicationShutdown",
          "namespace": "Volo.Abp",
          "declaringAssemblyName": "Volo.Abp.Core",
          "fullName": "Volo.Abp.IOnApplicationShutdown"
        },
        {
          "name": "IPreConfigureServices",
          "namespace": "Volo.Abp.Modularity",
          "declaringAssemblyName": "Volo.Abp.Core",
          "fullName": "Volo.Abp.Modularity.IPreConfigureServices"
        },
        {
          "name": "IPostConfigureServices",
          "namespace": "Volo.Abp.Modularity",
          "declaringAssemblyName": "Volo.Abp.Core",
          "fullName": "Volo.Abp.Modularity.IPostConfigureServices"
        }
      ],
      "contentType": "abpModule",
      "name": "AbpAuditLoggingMongoDbModule",
      "summary": null
    },
    {
      "namespace": "Volo.Abp.AuditLogging.MongoDB",
      "connectionStringName": "AbpAuditLogging",
      "databaseCollections": [
        {
          "entityFullName": "Volo.Abp.AuditLogging.AuditLog",
          "contentType": "databaseCollection",
          "name": "AuditLogs",
          "summary": null
        },
        {
          "entityFullName": "Volo.Abp.AuditLogging.AuditLogExcelFile",
          "contentType": "databaseCollection",
          "name": "AuditLogExcelFiles",
          "summary": null
        }
      ],
      "implementingInterfaces": [
        {
          "name": "IAbpMongoDbContext",
          "namespace": "Volo.Abp.MongoDB",
          "declaringAssemblyName": "Volo.Abp.MongoDB",
          "fullName": "Volo.Abp.MongoDB.IAbpMongoDbContext"
        },
        {
          "name": "ITransientDependency",
          "namespace": "Volo.Abp.DependencyInjection",
          "declaringAssemblyName": "Volo.Abp.Core",
          "fullName": "Volo.Abp.DependencyInjection.ITransientDependency"
        },
        {
          "name": "IAuditLoggingMongoDbContext",
          "namespace": "Volo.Abp.AuditLogging.MongoDB",
          "declaringAssemblyName": "Volo.Abp.AuditLogging.MongoDB",
          "fullName": "Volo.Abp.AuditLogging.MongoDB.IAuditLoggingMongoDbContext"
        }
      ],
      "contentType": "mongoDbContext",
      "name": "AuditLoggingMongoDbContext",
      "summary": null
    }
  ]
}