{
  "name": "Volo.CmsKit.Admin.Web",
  "hash": "",
  "contents": [
    {
      "namespace": "Volo.CmsKit.Admin.Web",
      "dependsOnModules": [
        {
          "declaringAssemblyName": "Volo.CmsKit.Admin.Application.Contracts",
          "namespace": "Volo.CmsKit.Admin",
          "name": "CmsKitAdminApplicationContractsModule"
        },
        {
          "declaringAssemblyName": "Volo.CmsKit.Common.Web",
          "namespace": "Volo.CmsKit.Web",
          "name": "CmsKitCommonWebModule"
        },
        {
          "declaringAssemblyName": "Volo.Abp.SettingManagement.Web",
          "namespace": "Volo.Abp.SettingManagement.Web",
          "name": "AbpSettingManagementWebModule"
        }
      ],
      "implementingInterfaces": [
        {
          "name": "IAbpModule",
          "namespace": "Volo.Abp.Modularity",
          "declaringAssemblyName": "Volo.Abp.Core",
          "fullName": "Volo.Abp.Modularity.IAbpModule"
        },
        {
          "name": "IOnPreApplicationInitialization",
          "namespace": "Volo.Abp.Modularity",
          "declaringAssemblyName": "Volo.Abp.Core",
          "fullName": "Volo.Abp.Modularity.IOnPreApplicationInitialization"
        },
        {
          "name": "IOnApplicationInitialization",
          "namespace": "Volo.Abp",
          "declaringAssemblyName": "Volo.Abp.Core",
          "fullName": "Volo.Abp.IOnApplicationInitialization"
        },
        {
          "name": "IOnPostApplicationInitialization",
          "namespace": "Volo.Abp.Modularity",
          "declaringAssemblyName": "Volo.Abp.Core",
          "fullName": "Volo.Abp.Modularity.IOnPostApplicationInitialization"
        },
        {
          "name": "IOnApplicationShutdown",
          "namespace": "Volo.Abp",
          "declaringAssemblyName": "Volo.Abp.Core",
          "fullName": "Volo.Abp.IOnApplicationShutdown"
        },
        {
          "name": "IPreConfigureServices",
          "namespace": "Volo.Abp.Modularity",
          "declaringAssemblyName": "Volo.Abp.Core",
          "fullName": "Volo.Abp.Modularity.IPreConfigureServices"
        },
        {
          "name": "IPostConfigureServices",
          "namespace": "Volo.Abp.Modularity",
          "declaringAssemblyName": "Volo.Abp.Core",
          "fullName": "Volo.Abp.Modularity.IPostConfigureServices"
        }
      ],
      "contentType": "abpModule",
      "name": "CmsKitAdminWebModule",
      "summary": null
    },
    {
      "namespace": "Volo.CmsKit.Admin.Web.Pages.CmsKit.Tags",
      "contentType": "webPage",
      "name": "CreateModalModel",
      "summary": null
    },
    {
      "namespace": "Volo.CmsKit.Admin.Web.Pages.CmsKit.Tags",
      "contentType": "webPage",
      "name": "EditModalModel",
      "summary": null
    },
    {
      "namespace": "Volo.CmsKit.Admin.Web.Pages.CmsKit.Tags",
      "contentType": "webPage",
      "name": "IndexModel",
      "summary": null
    },
    {
      "namespace": "Volo.CmsKit.Admin.Web.Pages.CmsKit.Pages",
      "contentType": "webPage",
      "name": "CreateModel",
      "summary": null
    },
    {
      "namespace": "Volo.CmsKit.Admin.Web.Pages.CmsKit.Pages",
      "contentType": "webPage",
      "name": "IndexModel",
      "summary": null
    },
    {
      "namespace": "Volo.CmsKit.Admin.Web.Pages.CmsKit.Pages",
      "contentType": "webPage",
      "name": "UpdateModel",
      "summary": null
    },
    {
      "namespace": "Volo.CmsKit.Admin.Web.Pages.CmsKit.Menus.MenuItems",
      "contentType": "webPage",
      "name": "CreateModalModel",
      "summary": null
    },
    {
      "namespace": "Volo.CmsKit.Admin.Web.Pages.CmsKit.Menus.MenuItems",
      "contentType": "webPage",
      "name": "IndexModel",
      "summary": null
    },
    {
      "namespace": "Volo.CmsKit.Admin.Web.Pages.CmsKit.Menus.MenuItems",
      "contentType": "webPage",
      "name": "UpdateModalModel",
      "summary": null
    },
    {
      "namespace": "Volo.CmsKit.Admin.Web.Pages.CmsKit.GlobalResources",
      "contentType": "webPage",
      "name": "IndexModel",
      "summary": null
    },
    {
      "namespace": "Volo.CmsKit.Admin.Web.Pages.CmsKit.Contents",
      "contentType": "webPage",
      "name": "AddWidgetModal",
      "summary": null
    },
    {
      "namespace": "Volo.CmsKit.Admin.Web.Pages.CmsKit.Comments",
      "contentType": "webPage",
      "name": "DetailsModel",
      "summary": null
    },
    {
      "namespace": "Volo.CmsKit.Admin.Web.Pages.CmsKit.Comments",
      "contentType": "webPage",
      "name": "IndexModel",
      "summary": null
    },
    {
      "namespace": "Volo.CmsKit.Admin.Web.Pages.CmsKit.Comments.Approve",
      "contentType": "webPage",
      "name": "IndexModel",
      "summary": null
    },
    {
      "namespace": "Volo.CmsKit.Admin.Web.Pages.CmsKit.Blogs",
      "contentType": "webPage",
      "name": "CreateModalModel",
      "summary": null
    },
    {
      "namespace": "Volo.CmsKit.Admin.Web.Pages.CmsKit.Blogs",
      "contentType": "webPage",
      "name": "DeleteBlogModal",
      "summary": null
    },
    {
      "namespace": "Volo.CmsKit.Admin.Web.Pages.CmsKit.Blogs",
      "contentType": "webPage",
      "name": "FeaturesModalModel",
      "summary": null
    },
    {
      "namespace": "Volo.CmsKit.Admin.Web.Pages.CmsKit.Blogs",
      "contentType": "webPage",
      "name": "IndexModel",
      "summary": null
    },
    {
      "namespace": "Volo.CmsKit.Admin.Web.Pages.CmsKit.Blogs",
      "contentType": "webPage",
      "name": "UpdateModalModel",
      "summary": null
    },
    {
      "namespace": "Volo.CmsKit.Admin.Web.Pages.CmsKit.BlogPosts",
      "contentType": "webPage",
      "name": "CreateModel",
      "summary": null
    },
    {
      "namespace": "Volo.CmsKit.Admin.Web.Pages.CmsKit.BlogPosts",
      "contentType": "webPage",
      "name": "IndexModel",
      "summary": null
    },
    {
      "namespace": "Volo.CmsKit.Admin.Web.Pages.CmsKit.BlogPosts",
      "contentType": "webPage",
      "name": "UpdateModel",
      "summary": null
    }
  ]
}