{
  "culture": "ar",
  "texts": {
    "Settings": "الإعدادات",
    "SavedSuccessfully": "تم الحفظ بنجاح",
    "Permission:SettingManagement": "إدارة الإعداد",
    "Permission:Emailing": "إرسال بالبريد الإلكتروني",
    "Permission:EmailingTest": "اختبار البريد الإلكتروني",
    "Permission:TimeZone": "وحدة زمنية",
    "SendTestEmail": "أرسل بريدًا إلكترونيًا للاختبار",
    "SenderEmailAddress": "عنوان البريد الإلكتروني للمرسل",
    "TargetEmailAddress": "عنوان البريد الإلكتروني المستهدف",
    "Subject": "موضوع",
    "Body": "جسم",
    "TestEmailSubject": "اختبار البريد الإلكتروني {0}",
    "TestEmailBody": "اختبار نص رسالة البريد الإلكتروني هنا",
    "SentSuccessfully": "أرسلت بنجاح",
    "MailSendingFailed": "فشل إرسال البريد ، يرجى التحقق من تكوين البريد الإلكتروني الخاص بك والمحاولة مرة أخرى.",
    "Send": "يرسل",
    "Menu:Emailing": "إرسال بالبريد الإلكتروني",
    "Menu:TimeZone": "وحدة زمنية",
    "DisplayName:Timezone": "وحدة زمنية",
    "TimezoneHelpText": "تتيح لك هذه الميزة تعيين منطقة زمنية افتراضية لخادمك، بينما يمكن للمستخدمين اختيار منطقتهم الزمنية الخاصة. إذا اختلفت المنطقة الزمنية للمستخدم عن المنطقة الزمنية للخادم، فسيتم تعديل جميع الأوقات وفقًا لذلك. على سبيل المثال، مع تعيين الخادم على أوروبا/لندن(00:00) ومستخدم في أوروبا/باريس(+01:00)، سيتم تعديل الأوقات بساعة واحدة لذلك المستخدم. سيؤدي اختيار 'المنطقة الزمنية الافتراضية' إلى استخدام المنطقة الزمنية للخادم أو المتصفح تلقائيًا.",
    "DefaultTimeZone": "الوحدة الزمنية الافتراضية",
    "SmtpHost": "مضيف",
    "SmtpPort": "ميناء",
    "SmtpUserName": "اسم المستخدم",
    "SmtpPassword": "كلمه السر",
    "SmtpDomain": "اختصاص",
    "SmtpEnableSsl": "تفعيل ssl",
    "SmtpUseDefaultCredentials": "استخدم بيانات الاعتماد الافتراضية",
    "DefaultFromAddress": "افتراضي من العنوان",
    "DefaultFromDisplayName": "افتراضي من اسم العرض",
    "Feature:SettingManagementGroup": "إدارة الإعداد",
    "Feature:SettingManagementEnable": "تمكين إدارة الإعداد",
    "Feature:SettingManagementEnableDescription": "تفعيل إعداد نظام الإدارة في التطبيق.",
    "Feature:AllowChangingEmailSettings": "السماح لتغيير إعدادات البريد الإلكتروني.",
    "Feature:AllowChangingEmailSettingsDescription": "السماح لتغيير إعدادات البريد الإلكتروني.",
    "SmtpPasswordPlaceholder": "أدخل قيمة لتحديث كلمة المرور",
  }
}