{
  "culture": "cs",
  "texts": {
    "Settings": "Nastavení",
    "SavedSuccessfully": "Úspěšně uloženo",
    "Permission:SettingManagement": "Správa nastavení",
    "Permission:Emailing": "Zasílání e-mailem",
    "Permission:EmailingTest": "Test zasílání e-mailem",
    "Permission:TimeZone": "Časové pásmo",
    "SendTestEmail": "Odeslat zkušební e-mail",
    "SenderEmailAddress": "E-mailová adresa odesílatele",
    "TargetEmailAddress": "Cílová e-mailová adresa",
    "Subject": "Předmět",
    "Body": "Tělo",
    "TestEmailSubject": "Testovací e-mail {0}",
    "TestEmailBody": "Test těla e-mailové zprávy zde",
    "SentSuccessfully": "Úspěšně odesláno",
    "MailSendingFailed": "Odesílání e-mailu se nezdařilo. Zkontrolujte konfiguraci e-mailu a zkuste to znovu.",
    "Send": "Poslat",
    "Menu:Emailing": "Zasílání e-mailem",
    "Menu:TimeZone": "Časové Pásmo",
    "DisplayName:Timezone": "Časové pásmo",
    "TimezoneHelpText": "Toto nastavení se používá pro celou aplikaci nebo pro klienty.",
    "SmtpHost": "Hostitel",
    "SmtpPort": "Přístav",
    "SmtpUserName": "Uživatelské jméno",
    "SmtpPassword": "Heslo",
    "SmtpDomain": "Doména",
    "SmtpEnableSsl": "Povolit ssl",
    "SmtpUseDefaultCredentials": "Použít výchozí přihlašovací údaje",
    "DefaultFromAddress": "Výchozí z adresy",
    "DefaultFromDisplayName": "Výchozí ze zobrazovaného názvu",
    "Feature:SettingManagementGroup": "Správa nastavení",
    "Feature:SettingManagementEnable": "Povolit správu nastavení",
    "Feature:SettingManagementEnableDescription": "Povolit systém správy nastavení v aplikaci.",
    "Feature:AllowChangingEmailSettings": "Povolit změnu nastavení e-mailu.",
    "Feature:AllowChangingEmailSettingsDescription": "Povolit změnu nastavení e-mailu.",
    "SmtpPasswordPlaceholder": "Zadejte hodnotu pro aktualizaci hesla",
  }
}