{
  "culture": "de",
  "texts": {
    "Settings": "Einstellungen",
    "SavedSuccessfully": "Erfolgreich gespeichert",
    "Permission:SettingManagement": "Einstellungsmanagement",
    "Permission:Emailing": "E-Mail senden",
    "Permission:EmailingTest": "E-Mail-Test",
    "Permission:TimeZone": "Zeitzone",
    "SendTestEmail": "Test-E-Mail senden",
    "SenderEmailAddress": "E-Mail-Adresse des Absenders",
    "TargetEmailAddress": "Ziel-E-Mail-Adresse",
    "Subject": "Thema",
    "Body": "Körper",
    "TestEmailSubject": "Test-E-Mail {0}",
    "TestEmailBody": "Testen Sie hier die E-Mail-Textnachricht",
    "SentSuccessfully": "Erfolgreich gesendet",
    "MailSendingFailed": "E-Mail-Versand fehlgeschlagen. Bitte überprüfen Sie Ihre E-Mail-Konfiguration und versuchen Sie es erneut.",
    "Send": "Schicken",
    "Menu:Emailing": "E-Mail senden",
    "Menu:TimeZone": "Zeitzone",
    "DisplayName:Timezone": "Zeitzone",
    "TimezoneHelpText": "Diese Funktion ermöglicht es Ihnen, eine Standardzeitzone für Ihren Server festzulegen, während Benutzer ihre eigene auswählen können. Wenn sich die Zeitzone eines Benutzers von der des Servers unterscheidet, werden alle Zeiten entsprechend angepasst. Zum Beispiel: Wenn der Server auf Europa/London(00:00) eingestellt ist und ein Benutzer in Europa/Paris(+01:00) ist, werden die Zeiten für diesen Benutzer um 1 Stunde angepasst. Die Auswahl von 'Standardzeitzone' verwendet automatisch die Zeitzone des Servers oder Browsers.",
    "DefaultTimeZone": "Standardzeitzone",
    "DefaultTimeZoneInfo": "Die Standardzeitzone wird versuchen, die Zeitzone des Browsers oder des Servers zu verwenden.",
    "SmtpHost": "Gastgeber",
    "SmtpPort": "Hafen",
    "SmtpUserName": "Nutzername",
    "SmtpPassword": "Passwort",
    "SmtpDomain": "Domain",
    "SmtpEnableSsl": "SSL aktivieren",
    "SmtpUseDefaultCredentials": "Verwenden Sie Standardanmeldeinformationen",
    "DefaultFromAddress": "Standard-Von-Adresse",
    "DefaultFromDisplayName": "Standardmäßig vom Anzeigenamen",
    "Feature:SettingManagementGroup": "Einstellungsmanagement",
    "Feature:SettingManagementEnable": "Aktivieren Sie die Einstellungsverwaltung",
    "Feature:SettingManagementEnableDescription": "Aktivieren Sie das Einstellungsverwaltungssystem in der Anwendung.",
    "Feature:AllowChangingEmailSettings": "Erlauben Sie das Ändern der E-Mail-Einstellungen.",
    "Feature:AllowChangingEmailSettingsDescription": "Erlauben Sie das Ändern der E-Mail-Einstellungen.",
    "SmtpPasswordPlaceholder": "Geben Sie einen Wert ein, um das Passwort zu aktualisieren"
  }
}