{
  "culture": "en",
  "texts": {
    "Settings": "Settings",
    "SavedSuccessfully": "Saved successfully",
    "Permission:SettingManagement": "Setting management",
    "Permission:Emailing": "Emailing",
    "Permission:EmailingTest": "Emailing test",
    "Permission:TimeZone": "Time zone",
    "SendTestEmail": "Send test email",
    "SenderEmailAddress": "Sender email address",
    "TargetEmailAddress": "Target email address",
    "Subject": "Subject",
    "Body": "Body",
    "TestEmailSubject": "Test email {0}",
    "TestEmailBody": "Test email body message here",
    "SentSuccessfully": "Sent successfully",
    "MailSendingFailed": "Mail sending failed, please check your email configuration and try again.",
    "Send": "Send",
    "Menu:Emailing": "Emailing",
    "Menu:TimeZone": "Time Zone",
    "DisplayName:Timezone": "Time zone",
    "TimezoneHelpText": "This feature allows you to set a default time zone for your server, while users can select their own. If a user's time zone differs from the server's, all times will adjust accordingly. For example, with the server set to Europe/London(00:00) and a user in Europe/Paris(+01:00), times will be adjusted by 1 hour for that user. Selecting 'Default Timezone' will automatically use the server's or browser's time zone.",
    "DefaultTimeZone": "Default time zone",
    "SmtpHost": "Host",
    "SmtpPort": "Port",
    "SmtpUserName": "User name",
    "SmtpPassword": "Password",
    "SmtpDomain": "Domain",
    "SmtpEnableSsl": "Enable ssl",
    "SmtpUseDefaultCredentials": "Use default credentials",
    "DefaultFromAddress": "Default from address",
    "DefaultFromDisplayName": "Default from display name",
    "Feature:SettingManagementGroup": "Setting management",
    "Feature:SettingManagementEnable": "Enable setting management",
    "Feature:SettingManagementEnableDescription": "Enable setting management system in the application.",
    "Feature:AllowChangingEmailSettings": "Allow changing email settings.",
    "Feature:AllowChangingEmailSettingsDescription": "Allow changing email settings.",
    "SmtpPasswordPlaceholder": "Enter a value to update password"
  }
}
