{
  "culture": "es",
  "texts": {
    "Settings": "Configuraciones",
    "SavedSuccessfully": "Guardado correctamente",
    "Permission:SettingManagement": "Configuraciones de correo electronico",
    "Permission:Emailing": "Configuración",
    "Permission:EmailingTest": "prueba de correo electrónico",
    "Permission:TimeZone": "Zona horaria",
    "SendTestEmail": "Enviar correo electrónico de prueba",
    "SenderEmailAddress": "Dirección de correo electrónico del remitente",
    "TargetEmailAddress": "Dirección de correo electrónico de destino",
    "Subject": "Sujeto",
    "Body": "Cuerpo",
    "TestEmailSubject": "Correo electrónico de prueba {0}",
    "TestEmailBody": "Pruebe el cuerpo del mensaje de correo electrónico aquí",
    "SentSuccessfully": "Enviado exitosamente",
    "MailSendingFailed": "Error al enviar el correo, por favor revise su configuración de correo y vuelva a intentarlo.",
    "Send": "Enviar",
    "Menu:Emailing": "Configuración",
    "Menu:TimeZone": "Zona Horaria",
    "DisplayName:Timezone": "Zona horaria",
    "TimezoneHelpText": "Esta función le permite establecer una zona horaria predeterminada para su servidor, mientras que los usuarios pueden seleccionar la suya propia. Si la zona horaria de un usuario difiere de la del servidor, todas las horas se ajustarán en consecuencia. Por ejemplo, con el servidor configurado en Europa/Londres(00:00) y un usuario en Europa/París(+01:00), las horas se ajustarán 1 hora para ese usuario. Al seleccionar 'Zona horaria predeterminada' se utilizará automáticamente la zona horaria del servidor o del navegador.",
    "DefaultTimeZone": "Zona horaria predeterminada",
    "SmtpHost": "Host",
    "SmtpPort": "Puerto",
    "SmtpUserName": "Nombre de usuario",
    "SmtpPassword": "Contraseña",
    "SmtpDomain": "Dominio",
    "SmtpEnableSsl": "Activar ssl",
    "SmtpUseDefaultCredentials": "Usar credenciales por defecto",
    "DefaultFromAddress": "Dirección origen por defecto",
    "DefaultFromDisplayName": "Nombre a mostrar por defecto",
    "Feature:SettingManagementGroup": "Gestión de la configuración",
    "Feature:SettingManagementEnable": "Habilitar la gestión de la configuración",
    "Feature:SettingManagementEnableDescription": "Habilite el sistema de gestión de la configuración en la aplicación.",
    "Feature:AllowChangingEmailSettings": "Permitir cambiar la configuración de correo electrónico.",
    "Feature:AllowChangingEmailSettingsDescription": "Permitir cambiar la configuración de correo electrónico.",
    "SmtpPasswordPlaceholder": "Ingrese un valor para actualizar la contraseña"
  }
}