{
  "culture": "fr",
  "texts": {
    "Settings": "Paramètres",
    "SavedSuccessfully": "Enregistré avec succès",
    "Permission:SettingManagement": "Gestion des paramètres",
    "Permission:Emailing": "Envoi par e-mail",
    "Permission:EmailingTest": "Test d&#39;emailing",
    "Permission:TimeZone": "Fuseau horaire",
    "SendTestEmail": "Envoyer un e-mail de test",
    "SenderEmailAddress": "Adresse email de l&#39;expéditeur",
    "TargetEmailAddress": "Adresse e-mail cible",
    "Subject": "Sujet",
    "Body": "Corps",
    "TestEmailSubject": "E-mail test {0}",
    "TestEmailBody": "Testez le corps du message ici",
    "SentSuccessfully": "Envoyé avec succès",
    "MailSendingFailed": "L'envoi de courrier a échoué, veuillez vérifier votre configuration de courrier électronique et réessayer.",
    "Send": "Envoyer",
    "Menu:Emailing": "Envoi par e-mail",
    "Menu:TimeZone": "Fuseau Horaire",
    "DisplayName:Timezone": "Fuseau horaire",
    "TimezoneHelpText": "Cette fonctionnalité vous permet de définir un fuseau horaire par défaut pour votre serveur, tandis que les utilisateurs peuvent sélectionner le leur. Si le fuseau horaire d'un utilisateur diffère de celui du serveur, tous les horaires seront ajustés en conséquence. Par exemple, avec le serveur réglé sur Europe/Londres(00:00) et un utilisateur en Europe/Paris(+01:00), les horaires seront ajustés d'une heure pour cet utilisateur. La sélection de 'Fuseau horaire par défaut' utilisera automatiquement le fuseau horaire du serveur ou du navigateur.",
    "DefaultTimeZone": "Fuseau horaire par défaut",
    "SmtpHost": "Hôte",
    "SmtpPort": "Port",
    "SmtpUserName": "Nom d'utilisateur",
    "SmtpPassword": "Mot de passe",
    "SmtpDomain": "Domaine",
    "SmtpEnableSsl": "Activer SSL",
    "SmtpUseDefaultCredentials": "Utiliser les informations d'identification par défaut",
    "DefaultFromAddress": "Adresse par défaut",
    "DefaultFromDisplayName": "Valeur par défaut du nom d'affichage",
    "Feature:SettingManagementGroup": "Gestion des paramètres",
    "Feature:SettingManagementEnable": "Activer la gestion des paramètres",
    "Feature:SettingManagementEnableDescription": "Activer le système de gestion des paramètres dans l'application.",
    "Feature:AllowChangingEmailSettings": "Autoriser la modification des paramètres de messagerie.",
    "Feature:AllowChangingEmailSettingsDescription": "Autoriser la modification des paramètres de messagerie.",
    "SmtpPasswordPlaceholder": "Entrez une valeur pour mettre à jour le mot de passe"
  }
}