{
  "culture": "hr",
  "texts": {
    "Settings": "Postavke",
    "SavedSuccessfully": "Uspješno spremljeno",
    "Permission:SettingManagement": "Upravljanje postavkama",
    "Permission:Emailing": "Slanje e-poštom",
    "Permission:EmailingTest": "Test slanja e-pošte",
    "Permission:TimeZone": "Vremenska zona",
    "SendTestEmail": "Pošalji probnu e-poštu",
    "SenderEmailAddress": "Adresa e-pošte pošiljatelja",
    "TargetEmailAddress": "Ciljana adresa e-pošte",
    "Subject": "Predmet",
    "Body": "Tijelo",
    "TestEmailSubject": "Probna e-pošta {0}",
    "TestEmailBody": "Testirajte tijelo poruke e-pošte ovdje",
    "SentSuccessfully": "Poslan uspješno",
    "MailSendingFailed": "Slanje e-pošte nije uspjelo, provjerite konfiguraciju e-pošte i pokušajte ponovo.",
    "Send": "Poslati",
    "Menu:Emailing": "Slanje e-poštom",
    "Menu:TimeZone": "Vremenska Zona",
    "DisplayName:Timezone": "Vremenska zona",
    "TimezoneHelpText": "Ova značajka omogućuje vam postavljanje zadanog vremenskog pojasa za vaš poslužitelj, dok korisnici mogu odabrati svoj vlastiti. Ako se vremenski pojas korisnika razlikuje od vremenskog pojasa poslužitelja, sva vremena će se prilagoditi u skladu s tim. Na primjer, kada je poslužitelj postavljen na Europa/London(00:00) i korisnik je u Europa/Pariz(+01:00), vremena će se prilagoditi za 1 sat za tog korisnika. Odabirom 'Zadani vremenski pojas' automatski će se koristiti vremenski pojas poslužitelja ili preglednika.",
    "DefaultTimeZone": "Zadana vremenska zona",
    "DefaultTimeZoneInfo": "Zadana vremenska zona pokušat će koristiti vremensku zonu preglednika ili poslužitelja.",
    "SmtpHost": "Domaćin",
    "SmtpPort": "Port",
    "SmtpUserName": "Korisničko ime",
    "SmtpPassword": "Zaporka",
    "SmtpDomain": "Domena",
    "SmtpEnableSsl": "Omogući ssl",
    "SmtpUseDefaultCredentials": "Koristite zadane vjerodajnice",
    "DefaultFromAddress": "Zadana adresa",
    "DefaultFromDisplayName": "Zadano iz imena za prikaz",
    "Feature:SettingManagementGroup": "Upravljanje postavkama",
    "Feature:SettingManagementEnable": "Omogući upravljanje postavkama",
    "Feature:SettingManagementEnableDescription": "Omogućite sustav upravljanja postavkama u aplikaciji.",
    "Feature:AllowChangingEmailSettings": "Dopusti promjenu postavki e-pošte.",
    "Feature:AllowChangingEmailSettingsDescription": "Dopusti promjenu postavki e-pošte.",
    "SmtpPasswordPlaceholder": "Unesite vrijednost za ažuriranje lozinke"
  }
}