{
  "culture": "hr",
  "texts": {
    "Settings": "Postavke",
    "SavedSuccessfully": "Uspješno spremljeno",
    "Permission:SettingManagement": "Upravljanje postavkama",
    "Permission:Emailing": "Slanje e-poštom",
    "Permission:EmailingTest": "Test slanja e-pošte",
    "Permission:TimeZone": "Vremenska zona",
    "SendTestEmail": "Po�alji probnu e-poštu",
    "SenderEmailAddress": "Adresa e-pošte pošiljatelja",
    "TargetEmailAddress": "Ciljana adresa e-pošte",
    "Subject": "Predmet",
    "Body": "Tijelo",
    "TestEmailSubject": "Probna e-pošta {0}",
    "TestEmailBody": "Testirajte tijelo poruke e-pošte ovdje",
    "SentSuccessfully": "Poslan uspješno",
    "MailSendingFailed": "Slanje e-pošte nije uspjelo, provjerite konfiguraciju e-pošte i pokušajte ponovo.",
    "Send": "Poslati",
    "Menu:Emailing": "Slanje e-poštom",
    "Menu:TimeZone": "Vremenska Zona",
    "DisplayName:Timezone": "Vremenska zona",
    "TimezoneHelpText": "Ova se postavka koristi za cijelu aplikaciju ili zakupce.",
    "SmtpHost": "Domaćin",
    "SmtpPort": "Port",
    "SmtpUserName": "Korisničko ime",
    "SmtpPassword": "Zaporka",
    "SmtpDomain": "Domena",
    "SmtpEnableSsl": "Omogući ssl",
    "SmtpUseDefaultCredentials": "Koristite zadane vjerodajnice",
    "DefaultFromAddress": "Zadana adresa",
    "DefaultFromDisplayName": "Zadano iz imena za prikaz",
    "Feature:SettingManagementGroup": "Upravljanje postavkama",
    "Feature:SettingManagementEnable": "Omogući upravljanje postavkama",
    "Feature:SettingManagementEnableDescription": "Omogućite sustav upravljanja postavkama u aplikaciji.",
    "Feature:AllowChangingEmailSettings": "Dopusti promjenu postavki e-pošte.",
    "Feature:AllowChangingEmailSettingsDescription": "Dopusti promjenu postavki e-pošte.",
    "SmtpPasswordPlaceholder": "Unesite vrijednost za ažuriranje lozinke"
  }
}