{
  "culture": "is",
  "texts": {
    "Settings": "Stillingar",
    "SavedSuccessfully": "Tókst að vista",
    "Permission:SettingManagement": "Stillingar",
    "Permission:Emailing": "Senda tölvupóst",
    "Permission:EmailingTest": "Próf í tölvupósti",
    "Permission:TimeZone": "Tímabelti",
    "SendTestEmail": "Sendu prófunarpóst",
    "SenderEmailAddress": "Netfang sendanda",
    "TargetEmailAddress": "Miðað netfang",
    "Subject": "Efni",
    "Body": "Líkami",
    "TestEmailSubject": "Prófunartölvupóstur {0}",
    "TestEmailBody": "Prófaðu meginmál tölvupósts hér",
    "SentSuccessfully": "Tókst að senda",
    "MailSendingFailed": "Tölvupóstur sendist ekki. Athugaðu tölvupóst stillingar þínar og reyndu aftur.",
    "Send": "Senda",
    "Menu:Emailing": "Senda tölvupóst",
    "Menu:TimeZone": "Tímabelti",
    "DisplayName:Timezone": "Tímabelti",
    "TimezoneHelpText": "Þessi eiginleiki gerir þér kleift að setja sjálfgefna tímabelti fyrir þjóninn þinn, á meðan notendur geta valið sitt eigið. Ef tímabelti notanda er frábrugðið tímabelti þjónsins, verða allir tímar aðlagaðir í samræmi við það. Til dæmis, þegar þjónninn er stilltur á Evrópa/London(00:00) og notandi er í Evrópa/París(+01:00), verða tímar aðlagaðir um 1 klukkutíma fyrir þann notanda. Með því að velja 'Sjálfgefið tímabelti' verður sjálfkrafa notað tímabelti þjónsins eða vafrans.",
    "DefaultTimeZone": "Sjálfgefitt tímabelti",
    "SmtpHost": "Smtp Host",
    "SmtpPort": "Port",
    "SmtpUserName": "Notanda nafn",
    "SmtpPassword": "Lykiloðr",
    "SmtpDomain": "Domain",
    "SmtpEnableSsl": "Virkja ssl",
    "SmtpUseDefaultCredentials": "Notað sjálfgefin auðkenni",
    "DefaultFromAddress": "Sjálfgefið frá heimilisfang",
    "DefaultFromDisplayName": "Sjálfgefið frá birtinga nafn",
    "Feature:SettingManagementGroup": "Stillingar",
    "Feature:SettingManagementEnable": "Virkja stillingar",
    "Feature:SettingManagementEnableDescription": "Virkja stillingar í forritinu.",
    "Feature:AllowChangingEmailSettings": "Leyfa að breyta stillingum tölvupósts.",
    "Feature:AllowChangingEmailSettingsDescription": "Leyfa að breyta stillingum tölvupósts.",
    "SmtpPasswordPlaceholder": "Sláðu inn gildi til að uppfæra lykilorð"
  }
}