{
  "culture": "it",
  "texts": {
    "Settings": "Impostazioni",
    "SavedSuccessfully": "Salvato con successo",
    "Permission:SettingManagement": "Gestione delle impostazioni",
    "Permission:Emailing": "Invio di e-mail",
    "Permission:EmailingTest": "Prova di invio tramite posta elettronica",
    "Permission:TimeZone": "Fuso orario",
    "SendTestEmail": "Invia e-mail di prova",
    "SenderEmailAddress": "Indirizzo e-mail del mittente",
    "TargetEmailAddress": "Indirizzo e-mail di destinazione",
    "Subject": "Soggetto",
    "Body": "Corpo",
    "TestEmailSubject": "Prova l&#39;e-mail {0}",
    "TestEmailBody": "Prova il corpo del messaggio email qui",
    "SentSuccessfully": "Inviato con successo",
    "MailSendingFailed": "Invio della posta fallito, controlla la tua configurazione email e riprova.",
    "Send": "Inviare",
    "Menu:Emailing": "Invio di e-mail",
    "Menu:TimeZone": "Fuso Orario",
    "DisplayName:Timezone": "Fuso orario",
    "TimezoneHelpText": "Questa funzione ti permette di impostare un fuso orario predefinito per il tuo server, mentre gli utenti possono selezionare il proprio. Se il fuso orario di un utente differisce da quello del server, tutti gli orari verranno adeguati di conseguenza. Ad esempio, con il server impostato su Europa/Londra(00:00) e un utente in Europa/Parigi(+01:00), gli orari verranno adeguati di 1 ora per quell'utente. Selezionando 'Fuso orario predefinito' verrà utilizzato automaticamente il fuso orario del server o del browser.",
    "DefaultTimeZone": "Fuso orario predefinito",
    "SmtpHost": "Host",
    "SmtpPort": "Porta",
    "SmtpUserName": "Nome utente",
    "SmtpPassword": "Password",
    "SmtpDomain": "Dominio",
    "SmtpEnableSsl": "Abilita SSL",
    "SmtpUseDefaultCredentials": "Usa credenziali predefinite",
    "DefaultFromAddress": "Indirizzo mittente predefinito",
    "DefaultFromDisplayName": "Nome mittente visualizzato predefinito",
    "Feature:SettingManagementGroup": "Gestione Impostazioni",
    "Feature:SettingManagementEnable": "Abilita gestione impostazioni",
    "Feature:SettingManagementEnableDescription": "Abilita sistema gestione impostazioni nell'applicazione",
    "Feature:AllowChangingEmailSettings": "Consenti di modificare le loro impostazioni e-mail.",
    "Feature:AllowChangingEmailSettingsDescription": "Consenti di modificare le loro impostazioni e-mail.",
    "SmtpPasswordPlaceholder": "Inserisci un valore per aggiornare la password"
  }
}