{
  "culture": "nl",
  "texts": {
    "Settings": "Instellingen",
    "SavedSuccessfully": "Succesvol opgeslagen",
    "Permission:SettingManagement": "Instellingenbeheer",
    "Permission:Emailing": "E-mail",
    "Permission:EmailingTest": "E-mailtest",
    "Permission:TimeZone": "Tijdzone",
    "SendTestEmail": "Test-e-mail verzenden",
    "SenderEmailAddress": "E-mailadres van de afzender",
    "TargetEmailAddress": "Doel-e-mailadres",
    "Subject": "Onderwerp",
    "Body": "Lichaam",
    "TestEmailSubject": "Test-e-mail {0}",
    "TestEmailBody": "Test hier het hoofdbericht van de e-mail",
    "SentSuccessfully": "Succesvol verzonden",
    "MailSendingFailed": "E-mail verzenden mislukt. Controleer uw e-mailconfiguratie en probeer het opnieuw.",
    "Send": "Versturen",
    "Menu:Emailing": "E-mail",
    "Menu:TimeZone": "Tijdzone",
    "DisplayName:Timezone": "Tijdzone",
    "TimezoneHelpText": "Deze functie stelt u in staat om een standaardtijdzone in te stellen voor uw server, terwijl gebruikers hun eigen tijdzone kunnen kiezen. Als de tijdzone van een gebruiker verschilt van die van de server, worden alle tijden dienovereenkomstig aangepast. Bijvoorbeeld, met de server ingesteld op Europa/Londen(00:00) en een gebruiker in Europa/Parijs(+01:00), worden de tijden met 1 uur aangepast voor die gebruiker. Door 'Standaardtijdzone' te selecteren wordt automatisch de tijdzone van de server of browser gebruikt.",
    "DefaultTimeZone": "Standaardtijdzone",
    "SmtpHost": "Host",
    "SmtpPort": "Poort",
    "SmtpUserName": "Gebruikersnaam",
    "SmtpPassword": "Wachtwoord",
    "SmtpDomain": "Domein",
    "SmtpEnableSsl": "Gebruik ssl",
    "SmtpUseDefaultCredentials": "Gebruik standaard inloggegevens",
    "DefaultFromAddress": "Standaard 'van'-adres",
    "DefaultFromDisplayName": "Standaard 'van'-adres weergavenaam",
    "Feature:SettingManagementGroup": "Instellingsbeheer",
    "Feature:SettingManagementEnable": "Instellingenbeheer inschakelen",
    "Feature:SettingManagementEnableDescription": "Schakel het instellingsbeheersysteem in de toepassing in.",
    "Feature:AllowChangingEmailSettings": "Toestaan om e-mailinstellingen te wijzigen.",
    "Feature:AllowChangingEmailSettingsDescription": "Toestaan om e-mailinstellingen te wijzigen.",
    "SmtpPasswordPlaceholder": "Voer een waarde in om het wachtwoord bij te werken"
  }
}