{
  "culture": "pl-PL",
  "texts": {
    "Settings": "Ustawienia",
    "SavedSuccessfully": "Zapisano pomyślnie",
    "Permission:SettingManagement": "Zarządzanie ustawieniami",
    "Permission:Emailing": "Wysyłanie e-maili",
    "Permission:EmailingTest": "Test wysyłania e-maili",
    "Permission:TimeZone": "Strefa czasowa",
    "SendTestEmail": "Wyślij e-mail testowy",
    "SenderEmailAddress": "Adres e-mail nadawcy",
    "TargetEmailAddress": "Docelowy adres e-mail",
    "Subject": "Temat",
    "Body": "Ciało",
    "TestEmailSubject": "Testowy e-mail {0}",
    "TestEmailBody": "Tutaj przetestuj treść wiadomości e-mail",
    "SentSuccessfully": "Wysłano pomyślnie",
    "MailSendingFailed": "Wysyłanie e-maila nie powiodło się. Sprawdź konfigurację e-maila i spróbuj ponownie.",
    "Send": "Wysłać",
    "Menu:Emailing": "Wysyłanie e-maili",
    "Menu:TimeZone": "Strefa Czasowa",
    "DisplayName:Timezone": "Strefa czasowa",
    "TimezoneHelpText": "Ta funkcja pozwala ustawić domyślną strefę czasową dla serwera, podczas gdy użytkownicy mogą wybrać własną. Jeśli strefa czasowa użytkownika różni się od strefy czasowej serwera, wszystkie czasy zostaną odpowiednio dostosowane. Na przykład, gdy serwer jest ustawiony na Europa/Londyn(00:00), a użytkownik jest w Europie/Paryżu(+01:00), czasy zostaną dostosowane o 1 godzinę dla tego użytkownika. Wybranie opcji 'Domyślna strefa czasowa' automatycznie wykorzysta strefę czasową serwera lub przeglądarki.",
    "DefaultTimeZone": "Domyślna strefa czasowa",
    "SmtpHost": "Gospodarz",
    "SmtpPort": "Port",
    "SmtpUserName": "Nazwa użytkownika",
    "SmtpPassword": "Hasło",
    "SmtpDomain": "Domena",
    "SmtpEnableSsl": "Włącz SSL",
    "SmtpUseDefaultCredentials": "Użyj domyślnych danych logowania",
    "DefaultFromAddress": "Domyślnie z adresu",
    "DefaultFromDisplayName": "Domyślnie z wyświetlanej nazwy",
    "Feature:SettingManagementGroup": "Zarządzanie ustawieniami",
    "Feature:SettingManagementEnable": "Włącz zarządzanie ustawieniami",
    "Feature:SettingManagementEnableDescription": "Włącz system zarządzania ustawieniami w aplikacji.",
    "Feature:AllowChangingEmailSettings": "Zezwól na zmianę ustawień poczty e-mail.",
    "Feature:AllowChangingEmailSettingsDescription": "Zezwól na zmianę ustawień poczty e-mail.",
    "SmtpPasswordPlaceholder": "Wprowadź wartość, aby zaktualizować hasło"
  }
}