{
  "culture": "ro-RO",
  "texts": {
    "Settings": "Setări",
    "SavedSuccessfully": "Salvat cu succes",
    "Permission:SettingManagement": "Administrarea setărilor",
    "Permission:Emailing": "Emailing",
    "Permission:EmailingTest": "Test de trimitere prin e-mail",
    "Permission:TimeZone": "Fus orar",
    "SendTestEmail": "Trimite e-mail de test",
    "SenderEmailAddress": "Adresa de e-mail a expeditorului",
    "TargetEmailAddress": "Adresă de e-mail țintă",
    "Subject": "Subiect",
    "Body": "Corp",
    "TestEmailSubject": "E-mail de testare {0}",
    "TestEmailBody": "Testați corpul mesajului de e-mail aici",
    "SentSuccessfully": "Trimis cu succes",
    "MailSendingFailed": "Trimiterea e-mailului a eșuat. Verificați configurația e-mailului și încercați din nou.",
    "Send": "Trimite",
    "Menu:Emailing": "Emailing",
    "Menu:TimeZone": "Fus Orar",
    "DisplayName:Timezone": "Fus orar",
    "TimezoneHelpText": "Această funcționalitate vă permite să setați un fus orar implicit pentru serverul dvs., în timp ce utilizatorii pot selecta propriul lor. Dacă fusul orar al unui utilizator diferă de cel al serverului, toate orele vor fi ajustate în consecință. De exemplu, cu serverul setat la Europa/Londra(00:00) și un utilizator în Europa/Paris(+01:00), orele vor fi ajustate cu 1 oră pentru acel utilizator. Selectarea 'Fus orar implicit' va folosi automat fusul orar al serverului sau browserului.",
    "DefaultTimeZone": "Fus orar implicit",
    "SmtpHost": "Host",
    "SmtpPort": "Port",
    "SmtpUserName": "Nume de utilizator",
    "SmtpPassword": "Parolă",
    "SmtpDomain": "Domeniu",
    "SmtpEnableSsl": "Activează SSL",
    "SmtpUseDefaultCredentials": "Foloseşte credenţialele implicite",
    "DefaultFromAddress": "Implicit de la adresa",
    "DefaultFromDisplayName": "Implicit de la numele de afişare",
    "Feature:SettingManagementGroup": "Administrarea setărilor",
    "Feature:SettingManagementEnable": "Activează administrarea setărilor",
    "Feature:SettingManagementEnableDescription": "Activează sistemul de administrare a setărilor în aplicaţie.",
    "Feature:AllowChangingEmailSettings": "Permiteți modificarea setărilor de e-mail.",
    "Feature:AllowChangingEmailSettingsDescription": "Permiteți modificarea setărilor de e-mail.",
    "SmtpPasswordPlaceholder": "Introduceți o valoare pentru a actualiza parola"
  }
}