{
  "culture": "ru",
  "texts": {
    "Settings": "Настройки",
    "SavedSuccessfully": "Успешно сохранено",
    "Permission:SettingManagement": "Управление настройками",
    "Permission:Emailing": "Отправка по электронной почте",
    "Permission:EmailingTest": "Тестовая рассылка по электронной почте",
    "Permission:TimeZone": "Часовой пояс",
    "SendTestEmail": "Отправить тестовое письмо",
    "SenderEmailAddress": "Адрес электронной почты отправителя",
    "TargetEmailAddress": "Целевой адрес электронной почты",
    "Subject": "Предмет",
    "Body": "Тело",
    "TestEmailSubject": "Тестовое письмо {0}",
    "TestEmailBody": "Проверьте текст сообщения электронной почты здесь",
    "SentSuccessfully": "отправлено успешно",
    "MailSendingFailed": "Не удалось отправить письмо. Пожалуйста, проверьте настройки электронной почты и повторите попытку.",
    "Send": "Отправлять",
    "Menu:Emailing": "Отправка по электронной почте",
    "Menu:TimeZone": "Часовой пояс",
    "DisplayName:Timezone": "Часовой пояс",
    "TimezoneHelpText": "Эта функция позволяет вам установить часовой пояс по умолчанию для вашего сервера, в то время как пользователи могут выбрать свой собственный. Если часовой пояс пользователя отличается от часового пояса сервера, все время будет соответствующим образом скорректировано. Например, если сервер установлен на Европа/Лондон(00:00), а пользователь находится в Европа/Париж(+01:00), время будет скорректировано на 1 час для этого пользователя. При выборе 'Часовой пояс по умолчанию' будет автоматически использоваться часовой пояс сервера или браузера.",
    "DefaultTimeZone": "Часовой пояс по умолчанию",
    "SmtpHost": "Хозяин",
    "SmtpPort": "Порт",
    "SmtpUserName": "Имя пользователя",
    "SmtpPassword": "Пароль",
    "SmtpDomain": "Домен",
    "SmtpEnableSsl": "Включить ssl",
    "SmtpUseDefaultCredentials": "Использовать учетные данные по умолчанию",
    "DefaultFromAddress": "По умолчанию с адреса",
    "DefaultFromDisplayName": "По умолчанию из отображаемого имени",
    "Feature:SettingManagementGroup": "Управление настройками",
    "Feature:SettingManagementEnable": "Включить управление настройками",
    "Feature:SettingManagementEnableDescription": "Включите систему управления настройками в приложении.",
    "Feature:AllowChangingEmailSettings": "Разрешить изменение настроек электронной почты.",
    "Feature:AllowChangingEmailSettingsDescription": "Разрешить изменение настроек электронной почты.",
    "SmtpPasswordPlaceholder": "Введите значение для обновления пароля"
  }
}