{
  "culture": "sk",
  "texts": {
    "Settings": "Nastavenia",
    "SavedSuccessfully": "Úspešne uložené",
    "Permission:SettingManagement": "Správa nastavení",
    "Permission:Emailing": "Posielanie emailov",
    "Permission:EmailingTest": "Test odosielania e-mailov",
    "Permission:TimeZone": "Časové pásmo",
    "SendTestEmail": "Odoslať testovací e-mail",
    "SenderEmailAddress": "E-mailová adresa odosielateľa",
    "TargetEmailAddress": "Cieľová e-mailová adresa",
    "Subject": "Predmet",
    "Body": "Telo",
    "TestEmailSubject": "Testovací e-mail {0}",
    "TestEmailBody": "Tu otestujte telo e-mailu",
    "SentSuccessfully": "Úspešne odoslané",
    "MailSendingFailed": "Odoslanie emailu zlyhalo. Skontrolujte konfiguráciu emailu a skúste to znova.",
    "Send": "Odoslať",
    "Menu:Emailing": "Posielanie emailov",
    "Menu:TimeZone": "Časové Pásmo",
    "DisplayName:Timezone": "Časové pásmo",
    "TimezoneHelpText": "Táto funkcia vám umožňuje nastaviť predvolené časové pásmo pre váš server, zatiaľ čo používatelia si môžu vybrať svoje vlastné. Ak sa časové pásmo používateľa líši od časového pásma servera, všetky časy sa príslušne upravia. Napríklad, keď je server nastavený na Európa/Londýn(00:00) a používateľ je v Európa/Paríž(+01:00), časy sa pre tohto používateľa upravia o 1 hodinu. Výberom 'Predvolené časové pásmo' sa automaticky použije časové pásmo servera alebo prehliadača.",
    "DefaultTimeZone": "Predvolené časové pásmo",
    "SmtpHost": "Host",
    "SmtpPort": "Port",
    "SmtpUserName": "Meno používateľa",
    "SmtpPassword": "Heslo",
    "SmtpDomain": "Doména",
    "SmtpEnableSsl": "Povoliť SSL",
    "SmtpUseDefaultCredentials": "Použiť predvolené meno a heslo",
    "DefaultFromAddress": "Predvolená adresa Od",
    "DefaultFromDisplayName": "Predvolené meno Od",
    "Feature:SettingManagementGroup": "Správa nastavení",
    "Feature:SettingManagementEnable": "Povoliť správu nastavení",
    "Feature:SettingManagementEnableDescription": "Povoliť systém správy nastavení v aplikácii.",
    "Feature:AllowChangingEmailSettings": "Povoliť zmenu nastavení e-mailu.",
    "Feature:AllowChangingEmailSettingsDescription": "Povoliť zmenu nastavení e-mailu.",
    "SmtpPasswordPlaceholder": "Zadajte hodnotu pre aktualizáciu hesla"
  }
}