{
  "culture": "sl",
  "texts": {
    "Settings": "Nastavitve",
    "SavedSuccessfully": "Uspešno shranjeno",
    "Permission:SettingManagement": "Upravljanje nastavitev",
    "Permission:Emailing": "Pošiljanje po e-pošti",
    "Permission:EmailingTest": "Test pošiljanja po e-pošti",
    "Permission:TimeZone": "Časovni pas",
    "SendTestEmail": "Pošlji testno e-pošto",
    "SenderEmailAddress": "E-poštni naslov pošiljatelja",
    "TargetEmailAddress": "Ciljni e-poštni naslov",
    "Subject": "Predmet",
    "Body": "Telo",
    "TestEmailSubject": "Preskusno e-poštno sporočilo {0}",
    "TestEmailBody": "Tukaj preizkusite telo e-poštnega sporočila",
    "SentSuccessfully": "Poslano uspešno",
    "MailSendingFailed": "Pošiljanje e-pošte ni uspelo, preverite konfiguracijo e-pošte in poskusite znova.",
    "Send": "Pošlji",
    "Menu:Emailing": "Pošiljanje po e-pošti",
    "Menu:TimeZone": "Časovni Pas",
    "DisplayName:Timezone": "Časovni pas",
    "TimezoneHelpText": "Ta funkcija vam omogoča nastavitev privzetega časovnega pasu za vaš strežnik, medtem ko lahko uporabniki izberejo svojega. Če se časovni pas uporabnika razlikuje od časovnega pasu strežnika, se vsi časi ustrezno prilagodijo. Na primer, ko je strežnik nastavljen na Evropa/London(00:00) in je uporabnik v Evropa/Pariz(+01:00), se časi za tega uporabnika prilagodijo za 1 uro. Z izbiro 'Privzeti časovni pas' se samodejno uporabi časovni pas strežnika ali brskalnika.",
    "DefaultTimeZone": "Privzeto časovno pas",
    "SmtpHost": "Gostitelj",
    "SmtpPort": "pristanišče",
    "SmtpUserName": "Uporabniško ime",
    "SmtpPassword": "Geslo",
    "SmtpDomain": "domena",
    "SmtpEnableSsl": "Omogoči ssl",
    "SmtpUseDefaultCredentials": "Uporabite privzete poverilnice",
    "DefaultFromAddress": "Privzeto od naslova",
    "DefaultFromDisplayName": "Privzeto iz prikaznega imena",
    "Feature:SettingManagementGroup": "Upravljanje nastavitev",
    "Feature:SettingManagementEnable": "Omogoči upravljanje nastavitev",
    "Feature:SettingManagementEnableDescription": "Omogočite nastavitev sistema upravljanja v aplikaciji.",
    "Feature:AllowChangingEmailSettings": "Dovoli spreminjanje e-poštnih nastavitev.",
    "Feature:AllowChangingEmailSettingsDescription": "Dovoli spreminjanje e-poštnih nastavitev.",
    "SmtpPasswordPlaceholder": "Vnesite vrednost za posodobitev gesla"
  }
}