{
  "culture": "sv",
  "texts": {
    "Settings": "Inställningar",
    "SavedSuccessfully": "Sparades framgångsrikt",
    "Permission:SettingManagement": "Hantering av inställningar",
    "Permission:Emailing": "E-post",
    "Permission:EmailingTest": "Test av e-post",
    "Permission:TimeZone": "Tidszon",
    "SendTestEmail": "Skicka testmejl",
    "SenderEmailAddress": "E-postadress till avsändaren",
    "TargetEmailAddress": "E-postadress för målgruppen",
    "Subject": "Ämne",
    "Body": "Kropp",
    "TestEmailSubject": "Testa e-post {0}",
    "TestEmailBody": "Testa e-postmeddelandets brödtext här",
    "SentSuccessfully": "Skickat framgångsrikt",
    "Send": "Skicka",
    "Menu:Emailing": "E-post",
    "Menu:TimeZone": "Tidszon",
    "DisplayName:Timezone": "Tidszon",
    "TimezoneHelpText": "Denna inställning används för applikationsomfattande eller hyresgästbaserad.",
    "SmtpHost": "Värd",
    "SmtpPort": "Port",
    "SmtpUserName": "Användarens namn",
    "SmtpPassword": "Lösenord",
    "SmtpDomain": "Domän",
    "SmtpEnableSsl": "Aktivera ssl",
    "SmtpUseDefaultCredentials": "Använda standardautentiseringsuppgifter",
    "DefaultFromAddress": "Standard från adress",
    "DefaultFromDisplayName": "Standard från visningsnamn",
    "Feature:SettingManagementGroup": "Hantering av inställningar",
    "Feature:SettingManagementEnable": "Aktivera hantering av inställningar",
    "Feature:SettingManagementEnableDescription": "Aktivera inställningshanteringssystem i applikationen.",
    "Feature:AllowChangingEmailSettings": "Tillåt ändring av e-postinställningar.",
    "Feature:AllowChangingEmailSettingsDescription": "Tillåt ändring av e-postinställningar.",
    "SmtpPasswordPlaceholder": "Ange ett värde för att uppdatera lösenordet"
  }
}