{
  "culture": "tr",
  "texts": {
    "Settings": "Ayarlar",
    "SavedSuccessfully": "Başarıyla Kaydedildi",
    "Permission:SettingManagement": "Ayarlar yönetimi",
    "Permission:Emailing": "Email",
    "Permission:EmailingTest": "Email testi",
    "Permission:TimeZone": "Zaman dilimi",
    "SendTestEmail": "Test emaili gönder",
    "SenderEmailAddress": "Gönderen email adresi",
    "TargetEmailAddress": "Hedef email adresi",
    "Subject": "Konu",
    "Body": "Gövde",
    "TestEmailSubject": "Test email {0}",
    "TestEmailBody": "E-posta gövdesi mesajını burada test edin",
    "SentSuccessfully": "Gönderildi",
    "MailSendingFailed": "E-posta gönderme başarısız, lütfen e-posta yapılandırmanızı kontrol edin ve tekrar deneyin.",
    "Send": "Gönder",
    "Menu:Emailing": "Email",
    "Menu:TimeZone": "Zaman Dilimi",
    "DisplayName:Timezone": "Zaman dilimi",
    "TimezoneHelpText": "Bu ayar uygulama genelinde veya müşteri tabanlı olarak kullanılır. Varsayılan saat dilimi, tarayıcının veya sunucunun saat dilimini kullanmaya çalışacaktır.",
    "DefaultTimeZone": "Varsayılan saat dilimi",
    "SmtpHost": "Sunucu",
    "SmtpPort": "Port",
    "SmtpUserName": "Kullanıcı adı",
    "SmtpPassword": "Şifre",
    "SmtpDomain": "Domain",
    "SmtpEnableSsl": "Ssl'i aktif et",
    "SmtpUseDefaultCredentials": "Varsayılan yetkilendirmeleri kullan",
    "DefaultFromAddress": "Varsayılan gönderici email adresi",
    "DefaultFromDisplayName": "Varsayılan gönderici görünen isim",
    "Feature:SettingManagementGroup": "Ayar yönetimi",
    "Feature:SettingManagementEnable": "Ayar yönetimini etkinleştir",
    "Feature:SettingManagementEnableDescription": "Uygulamada ayar yönetim sistemini etkinleştirin.",
    "Feature:AllowChangingEmailSettings": "E-posta ayarlarını değiştirmeye izin verin.",
    "Feature:AllowChangingEmailSettingsDescription": "E-posta ayarlarını değiştirmeye izin verin.",
    "SmtpPasswordPlaceholder": "Şifreyi güncellemek için bir değer girin"
  }
}
