{
  "culture": "vi",
  "texts": {
    "Settings": "Cài đặt",
    "SavedSuccessfully": "Lưu thành công",
    "Permission:SettingManagement": "Cài đặt quản lý",
    "Permission:Emailing": "Gửi email",
    "Permission:EmailingTest": "Kiểm tra gửi email",
    "Permission:TimeZone": "Múi giờ",
    "SendTestEmail": "Gửi email kiểm tra",
    "SenderEmailAddress": "Địa chỉ email người gửi",
    "TargetEmailAddress": "Địa chỉ email mục tiêu",
    "Subject": "Chủ thể",
    "Body": "Thân hình",
    "TestEmailSubject": "Kiểm tra email {0}",
    "TestEmailBody": "Kiểm tra nội dung email tại đây",
    "SentSuccessfully": "Gửi thành công",
    "MailSendingFailed": "Gửi email thất bại. Vui lòng kiểm tra cấu hình email của bạn và thử lại.",
    "Send": "Gửi",
    "Menu:Emailing": "Gửi email",
    "Menu:TimeZone": "Múi Giờ",
    "DisplayName:Timezone": "Múi giờ",
    "TimezoneHelpText": "Tính năng này cho phép bạn đặt múi giờ mặc định cho máy chủ của mình, trong khi người dùng có thể chọn múi giờ của riêng họ. Nếu múi giờ của người dùng khác với múi giờ của máy chủ, tất cả thời gian sẽ được điều chỉnh tương ứng. Ví dụ: với máy chủ được đặt ở Châu Âu/Luân Đôn(00:00) và người dùng ở Châu Âu/Paris(+01:00), thời gian sẽ được điều chỉnh 1 giờ cho người dùng đó. Chọn 'Múi giờ mặc định' sẽ tự động sử dụng múi giờ của máy chủ hoặc trình duyệt.",
    "DefaultTimeZone": "Múi giờ mặc định",
    "SmtpHost": "Tổ chức",
    "SmtpPort": "Hải cảng",
    "SmtpUserName": "Tên tài khoản",
    "SmtpPassword": "Mật khẩu",
    "SmtpDomain": "Lãnh địa",
    "SmtpEnableSsl": "Bật ssl",
    "SmtpUseDefaultCredentials": "Sử dụng thông tin đăng nhập mặc định",
    "DefaultFromAddress": "Mặc định từ địa chỉ",
    "DefaultFromDisplayName": "Mặc định từ tên hiển thị",
    "Feature:SettingManagementGroup": "Cài đặt quản lý",
    "Feature:SettingManagementEnable": "Bật quản lý cài đặt",
    "Feature:SettingManagementEnableDescription": "Bật cài đặt hệ thống quản lý trong ứng dụng.",
    "Feature:AllowChangingEmailSettings": "Cho phép thay đổi cài đặt email.",
    "Feature:AllowChangingEmailSettingsDescription": "Cho phép thay đổi cài đặt email.",
    "SmtpPasswordPlaceholder": "Nhập một giá trị để cập nhật mật khẩu"
  }
}