{
  "culture": "zh-Hant",
  "texts": {
    "Settings": "設置",
    "SavedSuccessfully": "保存成功",
    "Permission:SettingManagement": "設定管理",
    "Permission:Emailing": "信箱",
    "Permission:EmailingTest": "郵件測試",
    "Permission:TimeZone": "時區",
    "SendTestEmail": "發送測試郵件",
    "SenderEmailAddress": "發送者電子郵件地址",
    "TargetEmailAddress": "目標電子郵件地址",
    "Subject": "主題",
    "Body": "內文",
    "TestEmailSubject": "測試郵件 {0}",
    "TestEmailBody": "測試郵件內容",
    "SentSuccessfully": "發送成功",
    "MailSendingFailed": "郵件發送失敗,請檢查你的郵件配置並重試.",
    "Send": "發送",
    "Menu:Emailing": "信箱",
    "Menu:TimeZone": "時區",
    "DisplayName:Timezone": "時區",
    "TimezoneHelpText": "此設置用於應用程序範圍或基於租戶。預設時區將嘗試使用瀏覽器的時區或伺服器的時區。",
    "DefaultTimeZone": "預設時區",
    "SmtpHost": "主機",
    "SmtpPort": "Port",
    "SmtpUserName": "帳號",
    "SmtpPassword": "密碼",
    "SmtpDomain": "網域",
    "SmtpEnableSsl": "啟用 SSL",
    "SmtpUseDefaultCredentials": "使用預設Credentials",
    "DefaultFromAddress": "預設發信信箱",
    "DefaultFromDisplayName": "預設信件顯示名稱",
    "Feature:SettingManagementGroup": "設定管理",
    "Feature:SettingManagementEnable": "啟用設定管理",
    "Feature:SettingManagementEnableDescription": "在應用程序中啟用設定管理系統.",
    "Feature:AllowChangingEmailSettings": "允許更改電子郵件設置。",
    "Feature:AllowChangingEmailSettingsDescription": "允許更改電子郵件設置。",
    "SmtpPasswordPlaceholder": "輸入一個值以更新密碼"
  }
}
