{
  "culture": "zh-Hans",
  "texts": {
    "Settings": "设置",
    "SavedSuccessfully": "保存成功",
    "Permission:SettingManagement": "设置管理",
    "Permission:Emailing": "邮件",
    "Permission:EmailingTest": "邮件测试",
    "Permission:TimeZone": "时区",
    "SendTestEmail": "发送测试邮件",
    "SenderEmailAddress": "发件人邮箱地址",
    "TargetEmailAddress": "收件人邮箱地址",
    "Subject": "主题",
    "Body": "正文",
    "TestEmailSubject": "测试邮件 {0}",
    "TestEmailBody": "测试邮件内容",
    "SentSuccessfully": "发送成功",
    "MailSendingFailed": "邮件发送失败，请检查您的电子邮件配置并重试。",
    "Send": "发送",
    "Menu:Emailing": "邮件",
    "Menu:TimeZone": "时区",
    "DisplayName:Timezone": "时区",
    "TimezoneHelpText": "此设置用于应用程序范围或基于租户。",
    "SmtpHost": "主机",
    "SmtpPort": "端口",
    "SmtpUserName": "用户名",
    "SmtpPassword": "密码",
    "SmtpDomain": "域",
    "SmtpEnableSsl": "启用ssl",
    "SmtpUseDefaultCredentials": "使用默认凭据",
    "DefaultFromAddress": "默认发件人",
    "DefaultFromDisplayName": "默认显示名称",
    "Feature:SettingManagementGroup": "设置管理",
    "Feature:SettingManagementEnable": "启用设置管理",
    "Feature:SettingManagementEnableDescription": "在应用程序中启用设置管理系统。",
    "Feature:AllowChangingEmailSettings": "允许更改邮件设置。",
    "Feature:AllowChangingEmailSettingsDescription": "允许更改邮件设置。",
    "SmtpPasswordPlaceholder": "输入一个值以更新密码"
  }
}