{
  "culture": "el",
  "texts": {
    "Permissions": "Δικαιώματα",
    "OnlyProviderPermissons": "Μόνο δικαιώματα παρόχου",
    "All": "Όλα",
    "SelectAllInAllTabs": "Χορήγηση όλων των δικαιώματων",
    "SelectAllInThisTab": "Επιλογή όλων",
    "SaveWithoutAnyPermissionsWarningMessage": "Είστε βέβαιοι ότι θέλετε να αποθηκεύσετε χωρίς δικαιώματα;",
    "PermissionGroup": "Ομάδα δικαιωμάτων",
    "Filter": "Φίλτρο"
  }
}