{
  "culture": "fa",
  "texts": {
    "Permissions": "دسترسی ها",
    "OnlyProviderPermissons": "فقط این ارائه دهنده",
    "All": "همه",
    "SelectAllInAllTabs": "اعطای همه مجوزها",
    "SelectAllInThisTab": "انتخاب همه",
    "SaveWithoutAnyPermissionsWarningMessage": "آیا مطمئن هستید که می خواهید بدون هیچ دسترسی ذخیره کنید؟",
    "PermissionGroup": "گروه دسترسی",
    "Filter": "فیلتر"
  }
}