{
  "culture": "ru",
  "texts": {
    "Permissions": "Разрешения",
    "OnlyProviderPermissons": "Только этот провайдер",
    "All": "Все",
    "SelectAllInAllTabs": "Предоставить все разрешения",
    "SelectAllInThisTab": "Выбрать все",
    "SaveWithoutAnyPermissionsWarningMessage": "Вы уверены, что хотите сохранить без каких-либо разрешений?",
    "PermissionGroup": "Группа разрешений",
    "Filter": "Фильтр"
  }
}