{
  "culture": "en-GB",
  "texts": {
    "Documents": "Documents",
    "BackToWebsite": "Back to website",
    "Contributors": "Contributors",
    "ShareOn": "Share on",
    "Version": "Version",
    "Edit": "Edit",
    "LastEditTime": "Last edit",
    "Delete": "Delete",
    "ClearCache": "Clear cache",
    "ClearCacheConfirmationMessage": "Are you sure you want to clear all caches for project \"{0}\"",
    "ReIndexAllProjects": "ReIndex all projects",
    "ReIndexProject": "ReIndex Project",
    "ReIndexProjectConfirmationMessage": "Are you sure you want to reindex project \"{0}\"",
    "SuccessfullyReIndexProject": "Successfully reindexed project \"{0}\"",
    "ReIndexAllProjectConfirmationMessage": "Are you sure you want to reindex all projects?",
    "SuccessfullyReIndexAllProject": "Successfully reindexed all projects",
    "InThisDocument": "In this document",
    "GoToTop": "Go to top",
    "Projects": "Projects",
    "NoProjectWarning": "There are no Projects yet!",
    "DocumentNotFound": "Oops, the requested document was not found!",
    "ProjectNotFound": "Oops, the requested project was not found!",
    "NavigationDocumentNotFound": "This version does not have a navigation document!",
    "DocumentNotFoundInSelectedLanguage": "Document in the language you wanted was not found. Document in the default language is shown.",
    "FilterTopics": "Filter topics",
    "FullSearch": "Search in documents",
    "Volo.Docs.Domain:010001": "Elastic search is not enabled.",
    "MultipleVersionDocumentInfo": "This document has multiple versions. Select the options that best fit you.",
    "New": "New",
    "Upd": "Upd",
    "NewExplanation": "Created in the last two weeks.",
    "UpdatedExplanation": "Updated in the last two weeks.",
    "Volo.Docs.Domain:010002": "ShortName {ShortName} already exists.",
    "Preview": "preview",
    "GoogleTranslate": "Google Translate",
    "DownloadPDF": "Download PDF"
  }
}
