{
  "culture": "en",
  "texts": {
    "Documents": "Documents",
    "BackToWebsite": "Back to website",
    "Contributors": "Contributors",
    "ShareOn": "Share on",
    "Version": "Version",
    "Edit": "Edit",
    "LastEditTime": "Last edit",
    "Delete": "Delete",
    "ClearCache": "Clear cache",
    "ClearCacheConfirmationMessage": "Are you sure to clear all caches for project \"{0}\"",
    "ReIndexAllProjects": "ReIndex all projects",
    "ReIndexProject": "ReIndex project",
    "ReIndexProjectConfirmationMessage": "Are you sure to reindex for project \"{0}\"",
    "SuccessfullyReIndexProject": "Successfully reindexed: \"{0}\"",
    "ReIndexAllProjectConfirmationMessage": "Are you sure to reindex all project?",
    "SuccessfullyReIndexAllProject": "Successfully reindexed all projects",
    "InThisDocument": "In this document",
    "GoToTop": "Go to top",
    "Projects": "Projects",
    "NoProjectWarning": "There are no projects yet!",
    "DocumentNotFound": "Oops, the requested document was not found!",
    "ProjectNotFound": "Oops, the requested project was not found!",
    "NavigationDocumentNotFound": "This version does not have a navigation document!",
    "DocumentNotFoundInSelectedLanguage": "Document in the language you wanted is not found. Document in the default language is shown.",
    "FilterTopics": "Filter topics",
    "FullSearch": "Search in documents",
    "Volo.Docs.Domain:010001": "Elastic search is not enabled.",
    "MultipleVersionDocumentInfo": "There are multiple versions of this document. Pick the options that suit you best.",
    "New": "New",
    "Upd": "Upd",
    "NewExplanation": "Created in the last two weeks.",
    "UpdatedExplanation": "Updated in the last two weeks.",
    "Volo.Docs.Domain:010002": "ShortName {ShortName} already exists.",
    "Preview": "preview",
    "Search": "Search",
    "SearchResults": "Search Results",
    "SearchInTheAllDocuments": "Search in the all documents",
    "Next": "Next",
    "Previous": "Previous",
    "ProjectDeletionWarningMessage": "Project will be deleted.",
    "Docs_Page_Title": "ABP Documentation",
    "Docs_Page_Description": "Access comprehensive guides and API references in the ABP Documentation, aiding in development and troubleshooting.",
    "GoogleTranslate": "Google Translate",
    "DownloadPDF": "Download PDF",
    "PdfFileGeneratedSuccessfully": "The PDF file is generated successfully."
  }
}
