{
  "culture": "hr",
  "texts": {
    "Documents": "Dokumenti",
    "BackToWebsite": "Povratak na web stranicu",
    "Contributors": "Suradnici",
    "ShareOn": "Podijeli na",
    "Version": "Verzija",
    "Edit": "Uredi",
    "LastEditTime": "Zadnje uređivanje",
    "Delete": "Izbrisati",
    "ClearCache": "Očisti predmemoriju",
    "ClearCacheConfirmationMessage": "Jeste li sigurni da želite izbrisati sve iz predmemorije za projekt \"{0}\"",
    "ReIndexAllProjects": "Ponovno indeksirajte sve projekte",
    "ReIndexProject": "Ponovno indeksiranje projekta",
    "ReIndexProjectConfirmationMessage": "Jeste li sigurni da ponovno indeksirate za projekt \"{0}\"",
    "SuccessfullyReIndexProject": "Uspješno ponovno indeksirano:\"{0}\"",
    "ReIndexAllProjectConfirmationMessage": "Jeste li sigurni da ćete ponovno indeksirati sve projekte?",
    "SuccessfullyReIndexAllProject": "Uspješno reindeksirani svi projekti",
    "InThisDocument": "U ovom dokumentu",
    "GoToTop": "Idi na vrh",
    "Projects": "Projekti",
    "NoProjectWarning": "Još nema projekata!",
    "DocumentNotFound": "Ups, traženi dokument nije pronađen!",
    "ProjectNotFound": "Ups, traženi projekt nije pronađen!",
    "NavigationDocumentNotFound": "Ova verzija nema navigacijski dokument!",
    "DocumentNotFoundInSelectedLanguage": "Dokument na željenom jeziku nije pronađen. Prikazuje se dokument na zadanom jeziku.",
    "FilterTopics": "Filtrirajte teme",
    "FullSearch": "Traži u dokumentima",
    "Volo.Docs.Domain:010001": "Elastic search nije omogućen.",
    "MultipleVersionDocumentInfo": "Postoji više verzija ovog dokumenta. Odaberite opcije koje vam najbolje odgovaraju.",
    "New": "Novi",
    "Upd": "Upd",
    "NewExplanation": "Stvoreno u posljednja dva tjedna.",
    "UpdatedExplanation": "Ažurirano u posljednja dva tjedna.",
    "Volo.Docs.Domain:010002": "Nadimak {ShortName} već postoji.",
    "Preview": "Pretpregled",
    "Search": "Pretraga",
    "SearchResults": "Rezultati pretrage",
    "SearchInTheAllDocuments": "Traži u svim dokumentima",
    "GoogleTranslate": "Google prevoditelj",
    "DownloadPDF": "Preuzmi PDF"
  }
}