{
  "culture": "it",
  "texts": {
    "Documents": "Documenti",
    "BackToWebsite": "Torna al sito web",
    "Contributors": "Contributori",
    "ShareOn": "Condividere su",
    "Version": "Versione",
    "Edit": "Modifica",
    "LastEditTime": "Ultima modifica",
    "Delete": "Elimina",
    "ClearCache": "Cancella cache",
    "ClearCacheConfirmationMessage": "Sei sicuro di cancellare tutte le cache per il progetto \"{0}\"",
    "ReIndexAllProjects": "ReIndex tutti i progetti",
    "ReIndexProject": "Progetto ReIndex",
    "ReIndexProjectConfirmationMessage": "Reindicizzare per il progetto \"{0}\"",
    "SuccessfullyReIndexProject": "Reindicizzazione riuscita per il progetto \"{0}\"",
    "ReIndexAllProjectConfirmationMessage": "Sei sicuro di reindicizzare tutto il progetto?",
    "SuccessfullyReIndexAllProject": "Reindicizza con successo tutti i progetti",
    "InThisDocument": "In questo documento",
    "GoToTop": "Vai in alto",
    "Projects": "Progetto(i)",
    "NoProjectWarning": "Non ci sono ancora progetti!",
    "DocumentNotFound": "Ops, il documento richiesto non è stato trovato!",
    "ProjectNotFound": "Ops, il progetto richiesto non è stato trovato!",
    "NavigationDocumentNotFound": "Questa versione non ha un documento di navigazione!",
    "DocumentNotFoundInSelectedLanguage": "Il documento nella lingua desiderata non è stato trovato. Viene visualizzato il documento nella lingua predefinita.",
    "FilterTopics": "Filtra gli argomenti",
    "FullSearch": "Cerca nei documenti",
    "Volo.Docs.Domain:010001": "La ricerca elastica non è abilitata.",
    "MultipleVersionDocumentInfo": "Questo documento ha più versioni. Seleziona le opzioni più adatte a te.",
    "New": "Nuovo",
    "Upd": "Agg",
    "NewExplanation": "Creato nelle ultime due settimane.",
    "UpdatedExplanation": "Aggiornato nelle ultime due settimane.",
    "Volo.Docs.Domain:010002": "Abbreviazione {ShortName} esiste già.",
    "Preview": "anteprima",
    "Search": "Ricerca",
    "SearchResults": "Risultati della ricerca",
    "SearchInTheAllDocuments": "Cerca in tutti i documenti",
    "GoogleTranslate": "Traduci con Google",
    "DownloadPDF": "Scarica PDF"
  }
}