{
  "culture": "pl-PL",
  "texts": {
    "Documents": "Dokumenty",
    "BackToWebsite": "Powrót do strony",
    "Contributors": "Współtwórcy",
    "ShareOn": "Udostępnij",
    "Version": "Wersja",
    "Edit": "Edytuj",
    "LastEditTime": "Ostatnia edycja",
    "Delete": "Usuń",
    "ClearCache": "Wyczyść pamięć podręczną",
    "ClearCacheConfirmationMessage": "Czy na pewno chcesz wyczyścić wszystkie pamięci podręczne dla projektu „{0}”",
    "ReIndexAllProjects": "Ponownie zindeksuj wszystkie projekty",
    "ReIndexProject": "Projekt Reindeks",
    "ReIndexProjectConfirmationMessage": "Czy na pewno chcesz ponownie zindeksować projekt „{0}”",
    "SuccessfullyReIndexProject": "Pomyślnie ponownie zindeksowano: „{0}”",
    "ReIndexAllProjectConfirmationMessage": "Czy na pewno ponownie zindeksujesz wszystkie projekty?",
    "SuccessfullyReIndexAllProject": "Pomyślnie ponownie zindeksowano wszystkie projekty",
    "InThisDocument": "W tym dokumencie",
    "GoToTop": "Idź do góry",
    "Projects": "Projekt(y)",
    "NoProjectWarning": "Projekt nie istnieje!",
    "DocumentNotFound": "Oops, żądany dokument nie istnieje!",
    "ProjectNotFound": "Ups, nie znaleziono żądanego projektu!",
    "NavigationDocumentNotFound": "Ta wersja nie posiada tego dokumentu!",
    "DocumentNotFoundInSelectedLanguage": "Nie znaleziono dokumentu w żądanym języku. Wyświetlany jest dokument w domyślnym języku.",
    "FilterTopics": "Filtruj tematy",
    "FullSearch": "Szukaj w dokumentach",
    "Volo.Docs.Domain:010001": "Wyszukiwanie elastyczne nie jest włączone.",
    "MultipleVersionDocumentInfo": "Ten dokument ma wiele wersji. Wybierz opcje, które najbardziej Ci odpowiadają.",
    "New": "Nowy",
    "Upd": "Aktualizacja",
    "NewExplanation": "Utworzony w ciągu ostatnich dwóch tygodni.",
    "UpdatedExplanation": "Zaktualizowany w ciągu ostatnich dwóch tygodni.",
    "Volo.Docs.Domain:010002": "ShortName {ShortName} już istnieje.",
    "Preview": "zapowiedź",
    "Search": "Szukaj",
    "SearchResults": "Wyniki wyszukiwania",
    "SearchInTheAllDocuments": "Szukaj we wszystkich dokumentach",
    "GoogleTranslate": "Tłumaczenie na polski",
    "DownloadPDF": "Pobierz PDF"
  }
}