{
  "culture": "sv",
  "texts": {
    "Documents": "Dokument",
    "BackToWebsite": "Tillbaka till webbplatsen",
    "Contributors": "Medverkande",
    "ShareOn": "Dela på",
    "Version": "Version",
    "Edit": "Redigera",
    "LastEditTime": "Sista redigeringen",
    "Delete": "Radera",
    "ClearCache": "Rensa cache",
    "ClearCacheConfirmationMessage": "Är du säker på att du vill rensa alla cacheminnen för projekt \"{0}\"",
    "ReIndexAllProjects": "Omindexera alla projekt",
    "ReIndexProject": "ReIndex-projektet",
    "ReIndexProjectConfirmationMessage": "Är du säker på att omindexera för projekt \"{0}\"",
    "SuccessfullyReIndexProject": "Framgångsrikt omindexerad: \"{0}\"",
    "ReIndexAllProjectConfirmationMessage": "Är du säker på att omindexera alla projekt?",
    "SuccessfullyReIndexAllProject": "Framgångsrik omindexering av alla projekt",
    "InThisDocument": "I detta dokument",
    "GoToTop": "Gå till toppen",
    "Projects": "Projekt",
    "NoProjectWarning": "Det finns inga projekt ännu!",
    "DocumentNotFound": "Oops, det begärda dokumentet hittades inte!",
    "ProjectNotFound": "Oops, det begärda projektet hittades inte!",
    "NavigationDocumentNotFound": "Denna version har inte något navigationsdokument!",
    "DocumentNotFoundInSelectedLanguage": "Dokumentet på det språk du ville ha hittades inte. Dokumentet visas på standardspråket.",
    "FilterTopics": "Filtrera ämnen",
    "FullSearch": "Sök i dokument",
    "Volo.Docs.Domain:010001": "Elastisk sökning är inte aktiverad.",
    "MultipleVersionDocumentInfo": "Det finns flera versioner av detta dokument. Välj de alternativ som passar dig bäst.",
    "New": "Nya",
    "Upd": "Uppdatering",
    "NewExplanation": "Skapad under de senaste två veckorna.",
    "UpdatedExplanation": "Uppdaterad under de senaste två veckorna.",
    "Volo.Docs.Domain:010002": "Kortnamn {Kortnamn} finns redan.",
    "Preview": "förhandsvisning",
    "Search": "Sök",
    "SearchResults": "Sökresultat",
    "SearchInTheAllDocuments": "Sök i alla dokument",
    "Next": "Nästa",
    "Previous": "Föregående",
    "ProjectDeletionWarningMessage": "Projektet kommer att raderas.",
    "Docs_Page_Title": "ABP-dokumentation",
    "Docs_Page_Description": "Få tillgång till omfattande guider och API-referenser i ABP Documentation, vilket underlättar utveckling och felsökning.",
    "GoogleTranslate": "Google Översätt",
    "DownloadPDF": "Ladda ner PDF"
  }
}