{
  "culture": "vi",
  "texts": {
    "Documents": "Tài liệu",
    "BackToWebsite": "Quay lại trang web",
    "Contributors": "Người đóng góp",
    "ShareOn": "Chia sẻ",
    "Version": "Phiên bản",
    "Edit": "Sửa",
    "LastEditTime": "Lần chỉnh sửa cuối cùng",
    "Delete": "Xóa",
    "ClearCache": "Xóa bộ nhớ cache",
    "ClearCacheConfirmationMessage": "Bạn có chắc chắn xóa tất cả bộ nhớ đệm cho dự án \"{0}\" không",
    "ReIndexAllProjects": "ReIndex tất cả các dự án",
    "ReIndexProject": "Dự án ReIndex",
    "ReIndexProjectConfirmationMessage": "Bạn có chắc chắn lập lại chỉ mục cho dự án \"{0}\"",
    "SuccessfullyReIndexProject": "Đã lập chỉ mục lại thành công: \"{0}\"",
    "ReIndexAllProjectConfirmationMessage": "Bạn có chắc chắn lập lại chỉ mục tất cả dự án không?",
    "SuccessfullyReIndexAllProject": "Đã lập chỉ mục lại thành công tất cả các dự án",
    "InThisDocument": "Trong tài liệu này",
    "GoToTop": "Chuyển về đầu trang",
    "Projects": "Dự án",
    "NoProjectWarning": "Chưa có dự án nào!",
    "DocumentNotFound": "Rất tiếc, tài liệu được yêu cầu không tìm thấy!",
    "ProjectNotFound": "Rất tiếc, dự án được yêu cầu không được tìm thấy!",
    "NavigationDocumentNotFound": "Phiên bản này không có tài liệu điều hướng!",
    "DocumentNotFoundInSelectedLanguage": "Tài liệu bằng ngôn ngữ bạn muốn không được tìm thấy. Tài liệu trong ngôn ngữ mặc định được hiển thị.",
    "FilterTopics": "Lọc chủ đề",
    "FullSearch": "Tìm kiếm trong tài liệu",
    "Volo.Docs.Domain:010001": "Tìm kiếm đàn hồi không được bật.",
    "MultipleVersionDocumentInfo": "Tài liệu này có nhiều phiên bản. Chọn các tùy chọn phù hợp nhất với bạn.",
    "New": "Mới",
    "Upd": "Cập nhật",
    "NewExplanation": "Được tạo trong hai tuần qua.",
    "UpdatedExplanation": "Cập nhật trong hai tuần qua.",
    "Volo.Docs.Domain:010002": "Tên miền ngắn {ShortName} đã tồn tại.",
    "Preview": "xem trước",
    "Search": "Tìm kiếm",
    "SearchResults": "kết quả tìm kiếm",
    "SearchInTheAllDocuments": "Tìm kiếm trong tất cả các tài liệu",
    "GoogleTranslate": "Dịch Google",
    "DownloadPDF": "Tải xuống PDF"
  }
}