{
  "culture": "zh-Hans",
  "texts": {
    "Documents": "文档",
    "BackToWebsite": "返回网站",
    "Contributors": "贡献者",
    "ShareOn": "分享到",
    "Version": "版本",
    "Edit": "编辑",
    "LastEditTime": "最后编辑",
    "Delete": "删除",
    "ClearCache": "清除缓存",
    "ClearCacheConfirmationMessage": "您确定要清除项目\"{0}\"的所有缓存吗？",
    "ReIndexAllProjects": "重新索引所有项目",
    "ReIndexProject": "重新索引项目",
    "ReIndexProjectConfirmationMessage": "您确定要为项目\"{0}\"重新索引吗？",
    "SuccessfullyReIndexProject": "成功重新索引：\"{0}\"",
    "ReIndexAllProjectConfirmationMessage": "您确定要重新索引所有项目吗？",
    "SuccessfullyReIndexAllProject": "成功重新索引了所有项目",
    "InThisDocument": "在本文档中",
    "GoToTop": "返回页首",
    "Projects": "项目",
    "NoProjectWarning": "目前还没有任何项目！",
    "DocumentNotFound": "哎呀，没有找到所需的文档！",
    "ProjectNotFound": "哎呀，没有找到请求的项目！",
    "NavigationDocumentNotFound": "该版本没有导航文档！",
    "DocumentNotFoundInSelectedLanguage": "未找到所需语言的文档。显示默认语言的文档。",
    "FilterTopics": "筛选主题",
    "FullSearch": "在文档中搜索",
    "Volo.Docs.Domain:010001": "未启用Elastic search。",
    "MultipleVersionDocumentInfo": "本文档有多个版本。请选择最适合您的选项。",
    "New": "新",
    "Upd": "更新文档",
    "NewExplanation": "最近两周创建。",
    "UpdatedExplanation": "最近两周更新。",
    "Volo.Docs.Domain:010002": "简称 {ShortName} 已经存在。",
    "Preview": "预览",
    "Search": "搜索",
    "SearchResults": "搜索结果",
    "SearchInTheAllDocuments": "在所有文档中搜索",
    "GoogleTranslate": "谷歌翻译",
    "DownloadPDF": "下载PDF"
  }
}