{
  "culture": "ar",
  "texts": {
    "Permission:DocumentManagement": "إدارة المستندات",
    "Permission:Projects": "المشروعات",
    "Permission:Edit": "تعديل",
    "Permission:Delete": "حذف",
    "Permission:Create": "إنشاء",
    "Permission:Documents": "الوثائق",
    "Menu:Documents": "الوثائق",
    "Menu:DocumentManagement": "الوثائق",
    "Menu:ProjectManagement": "المشروعات",
    "CreateANewProject": "إنشاء مشروع",
    "Edit": "تعديل",
    "Create": "إنشاء",
    "Pull": "اسحب",
    "Projects": "مشروعات",
    "Name": "اسم",
    "ShortName": "الاسم المختصر",
    "DocumentStoreType": "نوع مخزن المستندات",
    "Format": "تهيئة",
    "ShortNameInfoText": "سيتم استخدامه لعنوان URL فريد.",
    "DisplayName:Name": "الاسم",
    "DisplayName:ShortName": "الاسم المختصر",
    "DisplayName:Format": "تهيئة",
    "DisplayName:DefaultDocumentName": "اسم الوثيقة الافتراضى",
    "DisplayName:NavigationDocumentName": "اسم مستند التنقل",
    "DisplayName:MinimumVersion": "أقل إصدار",
    "DisplayName:MainWebsiteUrl": "عنوان url لموقع الويب الرئيسي",
    "DisplayName:LatestVersionBranchName": "اسم فرع أحدث إصدار",
    "DisplayName:GitHubRootUrl": "عنوان URL الجذر لـ GitHub",
    "DisplayName:GitHubAccessToken": "رمز الوصول إلى GitHub",
    "DisplayName:GitHubUserAgent": "وكيل مستخدم GitHub",
    "DisplayName:GithubVersionProviderSource": "GitHub مصدر موفر إصدار",
    "DisplayName:VersionBranchPrefix": "بادئة فرع الإصدار",
    "DisplayName:All": "سحب الكل",
    "DisplayName:LanguageCode": "رمز اللغة",
    "DisplayName:Version": "إصدار",
    "Documents": "وثائق",
    "RemoveFromCache": "إزالة من ذاكرة التخزين المؤقت وإعادة الفهرس",
    "Reindex": "إعادة الفهرسة",
    "ReindexCompleted": "تمت إعادة الفهرسة",
    "RemovedFromCache": "تمت إزالته من ذاكرة التخزين المؤقت وإعادة فهرسته",
    "RemoveFromCacheConfirmation": "هل تريد بالتأكيد إعادة فهرسة  \"{0} \"؟",
    "ReIndexDocumentConfirmation": "هل تريد بالتأكيد إعادة فهرسة \"{0}\"؟",
    "DeleteFromDatabase": "حذف من قاعدة البيانات",
    "Deleted": "محذوف",
    "Search": "بحث",
    "StartDate": "تاريخ البداية",
    "EndDate": "تاريخ الإنتهاء",
    "CreationTime": "وقت الإنشاء",
    "LastUpdateTime": "آخر تحديث",
    "LastSignificantUpdateTime": "آخر تحديث مهم",
    "Version": "إصدار",
    "LanguageCode": "رمز اللغة",
    "FileName": "اسم الملف",
    "LastCachedTime": "وقت ذاكرة التخزين",
    "Project": "مشروع ",
    "AdvancedFilters": "مرشحات متقدمة",
    "RemoveCacheAndReIndexConfirmation": "ستتم إزالة المستند \"{0}\" من ذاكرة التخزين المؤقت وإعادة فهرسته. هل تؤكد؟",
    "GeneratePdf": "توليد PDF",
    "Generating": "يتم توليد...",
    "Language": "اللغة",
    "ForceToGenerateNewPdf": "قوة لتوليد PDF جديد",
    "PdfGeneratedSuccessfully": "تم توليد PDF بنجاح",
    "GenerateAndDownloadPdf": "توليد وتحميل PDF",
    "PdfFileDeletionWarningMessage": "هل أنت متأكد أنك تريد حذف ملف PDF \"{0}\"?",
    "ManagePdfFiles": "إدارة ملفات PDF",
    "Permission:ManagePdfFiles": "إدارة ملفات PDF",
    "PdfDeletedSuccessfully": "تم حذف ملف PDF بنجاح",
    "PdfGenerationStarted": "بدأ إنشاء ملف PDF",
    "PdfGenerationStartedInfoMessage": "بدأ إنشاء ملف PDF. بمجرد اكتمال العملية، يمكنك التحقق مما إذا تمت إضافة الملف في قسم ملفات PDF."
  }
}