{
  "culture": "cs",
  "texts": {
    "Permission:DocumentManagement": "Správa dokumentů",
    "Permission:Projects": "Projekty",
    "Permission:Edit": "Upravit",
    "Permission:Delete": "Smazat",
    "Permission:Create": "Vytvořit",
    "Permission:Documents": "Dokumenty",
    "Menu:Documents": "Dokumenty",
    "Menu:DocumentManagement": "Dokumenty",
    "Menu:ProjectManagement": "Projekty",
    "CreateANewProject": "Vytvořit nový projekt",
    "Edit": "Upravit",
    "Create": "Vytvořit",
    "Pull": "Pull",
    "Projects": "Projekty",
    "Name": "Název",
    "ShortName": "Krátký název",
    "DocumentStoreType": "Typ uložiště dokumentu",
    "Format": "Formát",
    "ShortNameInfoText": "Bude použíto k unikátnímu URL.",
    "DisplayName:Name": "Název",
    "DisplayName:ShortName": "Krátký název",
    "DisplayName:Format": "Formát",
    "DisplayName:DefaultDocumentName": "Název výchozího dokumentu",
    "DisplayName:NavigationDocumentName": "Název navigačního dokumentu",
    "DisplayName:MinimumVersion": "Nejnižší verze",
    "DisplayName:MainWebsiteUrl": "URL hlavních webových stránek",
    "DisplayName:LatestVersionBranchName": "Název poslední verze odvětví",
    "DisplayName:GitHubRootUrl": "GitHub kořenové URL",
    "DisplayName:GitHubAccessToken": "GitHub přístupový token",
    "DisplayName:GitHubUserAgent": "GitHub user agent",
    "DisplayName:GithubVersionProviderSource": "GitHub version provider source",
    "DisplayName:VersionBranchPrefix": "Version branch prefix",
    "DisplayName:All": "Pull všeho",
    "DisplayName:LanguageCode": "Kód jazyka",
    "DisplayName:Version": "Verze",
    "Documents": "Dokumenty",
    "RemoveFromCache": "Odstranit z mezipaměti a znovu indexovat",
    "Reindex": "Reindex",
    "ReindexCompleted": "Reindex dokončen",
    "RemovedFromCache": "Odstraněno z mezipaměti a znovu zaindexováno",
    "RemoveFromCacheConfirmation": "Opravdu chcete tuto položku odebrat z mezipaměti?",
    "ReIndexDocumentConfirmation": "Jste si jisti, že chcete znovu indexovat \"{0}\"?",
    "DeleteFromDatabase": "Odstranit z databáze",
    "Deleted": "Vymazáno",
    "Search": "Vyhledávání",
    "StartDate": "Počáteční datum",
    "EndDate": "Datum ukončení",
    "CreationTime": "Čas vytvoření",
    "LastUpdateTime": "Poslední aktualizace",
    "LastSignificantUpdateTime": "Poslední významná aktualizace",
    "Version": "Verze",
    "LanguageCode": "Kód jazyka",
    "FileName": "Název souboru",
    "LastCachedTime": "Čas uložení v mezipaměti",
    "Project": "Projekt",
    "AdvancedFilters": "Pokročilé filtry",
    "RemoveCacheAndReIndexConfirmation": "Dokument \"{0}\" bude odstraněn z mezipaměti a znovu zaindexován. Potvrzujete to?",
    "GeneratePdf": "Generovat PDF",
    "Generating": "Generování...",
    "Language": "Jazyk",
    "ForceToGenerateNewPdf": "Vynutit generování nového PDF",
    "PdfGeneratedSuccessfully": "PDF generován úspěšně",
    "GenerateAndDownloadPdf": "Generovat a stáhnout PDF",
    "PdfFileDeletionWarningMessage": "Opravdu chcete odstranit soubor PDF \"{0}\"?",
    "ManagePdfFiles": "Správa PDF souborů",
    "Permission:ManagePdfFiles": "Správa PDF souborů",
    "PdfDeletedSuccessfully": "PDF soubor byl úspěšně smazán",
    "PdfGenerationStarted": "Generování PDF bylo zahájeno",
    "PdfGenerationStartedInfoMessage": "Generování PDF bylo zahájeno. Po dokončení můžete zkontrolovat, zda byl soubor přidán do sekce PDF souborů."
  }
}