{
  "culture": "de-DE",
  "texts": {
    "Permission:DocumentManagement": "Dokumentenverwaltung",
    "Permission:Projects": "Projekte",
    "Permission:Edit": "Bearbeiten",
    "Permission:Delete": "Löschen",
    "Permission:Create": "Erstellen",
    "Permission:Documents": "Dokumente",
    "Menu:Documents": "Dokumente",
    "Menu:DocumentManagement": "Dokumente",
    "Menu:ProjectManagement": "Projekte",
    "CreateANewProject": "Neues Projekt erstellen",
    "Edit": "Bearbeiten",
    "Create": "Erstellen",
    "Pull": "Pull",
    "Projects": "Projekte",
    "Name": "Name",
    "ShortName": "Kurzname",
    "DocumentStoreType": "DocumentStoreType",
    "Format": "Format",
    "ShortNameInfoText": "Wird für eine eindeutige URL verwendet.",
    "DisplayName:Name": "Name",
    "DisplayName:ShortName": "Kurzname",
    "DisplayName:Format": "Format",
    "DisplayName:DefaultDocumentName": "Standard-Dokumentenname",
    "DisplayName:NavigationDocumentName": "Name des Navigationsdokuments",
    "DisplayName:MinimumVersion": "Mindestversion",
    "DisplayName:MainWebsiteUrl": "URL der Hauptwebsite",
    "DisplayName:LatestVersionBranchName": "Name der neuesten Version des Branch",
    "DisplayName:GitHubRootUrl": "GitHub-Root-URL",
    "DisplayName:GitHubAccessToken": "GitHub-Zugriffstoken",
    "DisplayName:GitHubUserAgent": "GitHub-User-Agent",
    "DisplayName:GithubVersionProviderSource": "Quelle des GitHub-Versionsanbieters",
    "DisplayName:VersionBranchPrefix": "Version-Branch-Präfix",
    "DisplayName:All": "Pull all",
    "DisplayName:LanguageCode": "Sprachcode",
    "DisplayName:Version": "Version",
    "Documents": "Dokumente",
    "RemoveFromCache": "Aus dem Cache entfernen und neu indizieren",
    "Reindex": "Neuindizierung",
    "ReindexCompleted": "Neuindizierung abgeschlossen",
    "RemovedFromCache": "Aus dem Cache entfernt und neu indiziert",
    "RemoveFromCacheConfirmation": "Möchten Sie dieses Element wirklich aus dem Cache entfernen?",
    "ReIndexDocumentConfirmation": "Sind Sie sicher, dass Sie \"{0}\" neu indizieren wollen?",
    "DeleteFromDatabase": "Aus Datenbank löschen",
    "Deleted": "Gelöscht",
    "Search": "Suchen",
    "StartDate": "Startdatum",
    "EndDate": "Enddatum",
    "CreationTime": "Erstellungszeitpunkt",
    "LastUpdateTime": "Letzte Änderung",
    "LastSignificantUpdateTime": "Letzte wichtige Aktualisierung",
    "Version": "Version",
    "LanguageCode": "Sprachcode",
    "FileName": "Dateiname",
    "LastCachedTime": "Cache-Zeit",
    "Project": "Projekt",
    "RemoveCacheAndReIndexConfirmation": "Das Dokument \"{0}\" wird aus dem Cache entfernt und neu indiziert. Können Sie das bestätigen?",
    "GeneratePdf": "PDF generieren",
    "Generating": "Generieren...",
    "Language": "Sprache",
    "ForceToGenerateNewPdf": "Neues PDF erzwingen",
    "PdfGeneratedSuccessfully": "PDF erfolgreich generiert",
    "GenerateAndDownloadPdf": "PDF generieren und herunterladen",
    "PdfFileDeletionWarningMessage": "Sind Sie sicher, dass Sie das PDF-Datei \"{0}\" löschen wollen?",
    "ManagePdfFiles": "PDF-Dateien verwalten",
    "Permission:ManagePdfFiles": "PDF-Dateien verwalten",
    "PdfDeletedSuccessfully": "PDF-Datei wurde erfolgreich gelöscht",
    "PdfGenerationStarted": "PDF-Generierung wurde gestartet",
    "PdfGenerationStartedInfoMessage": "Die PDF-Generierung wurde gestartet. Nach Abschluss können Sie überprüfen, ob die Datei im PDF-Dateibereich hinzugefügt wurde."
  }
}