{
  "culture": "de",
  "texts": {
    "Permission:DocumentManagement": "Dokumentenverwaltung",
    "Permission:Projects": "Projekte",
    "Permission:Edit": "Bearbeiten",
    "Permission:Delete": "Löschen",
    "Permission:Create": "Erstellen",
    "Permission:Documents": "Dokumente",
    "Menu:Documents": "Unterlagen",
    "Menu:DocumentManagement": "Dokumente",
    "Menu:ProjectManagement": "Projekte",
    "CreateANewProject": "Neues Projekt erstellen",
    "Edit": "Bearbeiten",
    "Create": "Erstellen",
    "Pull": "Pull",
    "Projects": "Projekte",
    "Name": "Name",
    "ShortName": "Kurzname",
    "DocumentStoreType": "DocumentStoreType",
    "Format": "Format",
    "ShortNameInfoText": "Wird für eindeutige URL verwendet.",
    "DisplayName:Name": "Name",
    "DisplayName:ShortName": "Kurzname",
    "DisplayName:Format": "Format",
    "DisplayName:DefaultDocumentName": "Standard-Dokumentname",
    "DisplayName:NavigationDocumentName": "Name des Navigationsdokuments",
    "DisplayName:MinimumVersion": "Mindestversion",
    "DisplayName:MainWebsiteUrl": "Haupt-URL der Website",
    "DisplayName:LatestVersionBranchName": "Zweigname der neuesten Version",
    "DisplayName:GitHubRootUrl": "GitHub-Stamm-URL",
    "DisplayName:GitHubAccessToken": "GitHub-Zugriffstoken",
    "DisplayName:GitHubUserAgent": "GitHub-Benutzer-Agent",
    "DisplayName:GithubVersionProviderSource": "Quelle des GitHub-Versionsanbieters",
    "DisplayName:VersionBranchPrefix": "Präfix des Versionszweigs",
    "DisplayName:All": "Pull all",
    "DisplayName:LanguageCode": "Sprachcode",
    "DisplayName:Version": "Version",
    "Documents": "Unterlagen",
    "RemoveFromCache": "Aus dem Cache entfernen und neu indizieren",
    "Reindex": "Neu indizieren",
    "ReindexCompleted": "Neuindizierung abgeschlossen",
    "RemovedFromCache": "Aus dem Cache entfernt und neu indiziert",
    "RemoveFromCacheConfirmation": "Möchten Sie dieses Element wirklich aus dem Cache entfernen?",
    "ReIndexDocumentConfirmation": "Sind Sie sicher, dass Sie „{0}“ neu indizieren möchten?",
    "DeleteFromDatabase": "Aus Datenbank löschen",
    "Deleted": "Gelöscht",
    "Search": "Suchen",
    "StartDate": "Startdatum",
    "EndDate": "Endtermin",
    "CreationTime": "Erstellungszeitpunkt",
    "LastUpdateTime": "Letztes Update",
    "LastSignificantUpdateTime": "Letztes wichtiges Update",
    "Version": "Ausführung",
    "LanguageCode": "Sprachcode",
    "FileName": "Dateiname",
    "LastCachedTime": "Zwischenspeicher",
    "Project": "Projekt",
    "AdvancedFilters": "Erweiterte Filter",
    "RemoveCacheAndReIndexConfirmation": "Das Dokument „{0}“ wird aus dem Cache entfernt und neu indiziert. Bestätigen Sie?",
    "GeneratePdf": "PDF generieren",
    "Generating": "Generieren...",
    "Language": "Sprache",
    "ForceToGenerateNewPdf": "Neues PDF erzwingen",
    "PdfGeneratedSuccessfully": "PDF erfolgreich generiert",
    "GenerateAndDownloadPdf": "PDF generieren und herunterladen",
    "PdfFileDeletionWarningMessage": "Sind Sie sicher, dass Sie das PDF-Datei \"{0}\" löschen wollen?",
    "ManagePdfFiles": "PDF-Dateien verwalten",
    "Permission:ManagePdfFiles": "PDF-Dateien verwalten",
    "PdfDeletedSuccessfully": "PDF-Datei wurde erfolgreich gelöscht",
    "PdfGenerationStarted": "PDF-Generierung gestartet",
    "PdfGenerationStartedInfoMessage": "Die PDF-Generierung wurde gestartet. Nach Abschluss können Sie überprüfen, ob die Datei im PDF-Dateibereich hinzugefügt wurde."
  }
}