{
  "culture": "el",
  "texts": {
    "Permission:DocumentManagement": "Διαχείριση εγγράφων",
    "Permission:Projects": "Εργα",
    "Permission:Edit": "Επεξεργασία",
    "Permission:Delete": "Διαγραφή",
    "Permission:Create": "Δημιουργία",
    "Permission:Documents": "Αρχεία",
    "Menu:Documents": "Αρχεία",
    "Menu:DocumentManagement": "Αρχεία",
    "Menu:ProjectManagement": "Εργα",
    "CreateANewProject": "Δημιουργία νέου έργου",
    "Edit": "Επεξεργασία",
    "Create": "Δημιουργία",
    "Pull": "Τραβήξτε",
    "Projects": "Εργα",
    "Name": "Όνομα",
    "ShortName": "Μικρό όνομα",
    "DocumentStoreType": "Τύπος αποθήκευσης εγγράφων",
    "Format": "Μορφή",
    "ShortNameInfoText": "Θα χρησιμοποιηθεί για μοναδική διεύθυνση URL.",
    "DisplayName:Name": "Όνομα",
    "DisplayName:ShortName": "Μικρό όνομα",
    "DisplayName:Format": "Μορφή",
    "DisplayName:DefaultDocumentName": "Προεπιλεγμένο όνομα εγγράφου",
    "DisplayName:NavigationDocumentName": "Όνομα εγγράφου πλοήγησης",
    "DisplayName:MinimumVersion": "Ελάχιστη έκδοση",
    "DisplayName:MainWebsiteUrl": "URL του κύριου ιστότοπου",
    "DisplayName:LatestVersionBranchName": "Όνομα υποκαταστήματος τελευταίας έκδοσης",
    "DisplayName:GitHubRootUrl": "GitHub root URL",
    "DisplayName:GitHubAccessToken": "GitHub Διακριτικό πρόσβασης",
    "DisplayName:GitHubUserAgent": "GitHub user agent",
    "DisplayName:GithubVersionProviderSource": "GitHub πηγή παρόχου έκδοσης",
    "DisplayName:VersionBranchPrefix": "Πρόθεμα κλάδου έκδοσης",
    "DisplayName:All": "Τραβήξτε όλα",
    "DisplayName:LanguageCode": "Κωδικός γλώσσας",
    "DisplayName:Version": "Εκδοχή",
    "Documents": "Εγγραφα",
    "RemoveFromCache": "Αφαίρεση από τη μνήμη cache και εκ νέου ευρετηρίαση",
    "Reindex": "Επανακαταγραφή",
    "ReindexCompleted": "Ολοκληρώθηκε η επανακαταγραφή",
    "RemovedFromCache": "πομακρύνεται από τη μνήμη cache και αναπροσαρμόζεται",
    "RemoveFromCacheConfirmation": "Είστε βέβαιοι ότι θέλετε να αφαιρέσετε αυτό το στοιχείο από την προσωρινή μνήμη;",
    "ReIndexDocumentConfirmation": "Είστε σίγουροι ότι θέλετε να ξαναδείξετε το \"{0}\";",
    "DeleteFromDatabase": "Διαγραφή από τη βάση δεδομένων",
    "Deleted": "Διαγραφή",
    "Search": "Αναζήτηση",
    "StartDate": "Ημερομηνία έναρξης",
    "EndDate": "Ημερομηνία λήξης",
    "CreationTime": "Χρόνος δημιουργίας",
    "LastUpdateTime": "Τελευταία ενημέρωση",
    "LastSignificantUpdateTime": "Τελευταία σημαντική ενημέρωση",
    "Version": "Εκδοχή",
    "LanguageCode": "Κωδικός γλώσσας",
    "FileName": "Όνομα αρχείου",
    "LastCachedTime": "Χρόνος προσωρινής αποθήκευσης",
    "Project": "Εργο",
    "RemoveCacheAndReIndexConfirmation": "Το έγγραφο \"{0}\" θα αφαιρεθεί από την προσωρινή μνήμη και θα αναπροσαρμοστεί εκ νέου. Επιβεβαιώνετε;",
    "GeneratePdf": "Δημιουργία PDF",
    "Generating": "Δημιουργία...",
    "Language": "Γλώσσα",
    "ForceToGenerateNewPdf": "Βάλτε το νέο PDF",
    "PdfGeneratedSuccessfully": "Το PDF αναπροσαρμοστεί εκ νέου",
    "GenerateAndDownloadPdf": "Δημιουργία και λήψη PDF",
    "PdfFileDeletionWarningMessage": "Είστε βέβαιοι ότι θέλετε να διαγράψετε το PDF αρχείο \"{0}\";",
    "ManagePdfFiles": "Διαχείρηση PDF αρχείων",
    "Permission:ManagePdfFiles": "Διαχείρηση PDF αρχείων",
    "PdfDeletedSuccessfully": "Το αρχείο PDF διαγράφηκε με επιτυχία",
    "PdfGenerationStarted": "Η δημιουργία PDF ξεκίνησε",
    "PdfGenerationStartedInfoMessage": "Η δημιουργία PDF ξεκίνησε. Μόλις ολοκληρωθεί, μπορείτε να ελέγξετε αν το αρχείο έχει προστεθεί στην ενότητα αρχείων PDF."
  }
}