{
  "culture": "en",
  "texts": {
    "Permission:DocumentManagement": "Document Management",
    "Permission:Projects": "Projects",
    "Permission:Edit": "Edit",
    "Permission:Delete": "Delete",
    "Permission:Create": "Create",
    "Permission:Documents": "Documents",
    "Menu:Documents": "Documents",
    "Menu:DocumentManagement": "Documents",
    "Menu:ProjectManagement": "Projects",
    "CreateANewProject": "Create new project",
    "Edit": "Edit",
    "Create": "Create",
    "Pull": "Pull",
    "Projects": "Projects",
    "Name": "Name",
    "ShortName": "ShortName",
    "DocumentStoreType": "DocumentStoreType",
    "Format": "Format",
    "ShortNameInfoText": "Will be used for unique URL.",
    "DisplayName:Name": "Name",
    "DisplayName:ShortName": "Short name",
    "DisplayName:Format": "Format",
    "DisplayName:DefaultDocumentName": "Default document name",
    "DisplayName:NavigationDocumentName": "Navigation document name",
    "DisplayName:MinimumVersion": "Minimum version",
    "DisplayName:MainWebsiteUrl": "Main web site URL",
    "DisplayName:LatestVersionBranchName": "Latest version branch name",
    "DisplayName:GitHubRootUrl": "GitHub root URL",
    "DisplayName:GitHubAccessToken": "GitHub access token",
    "DisplayName:GitHubUserAgent": "GitHub user agent",
    "DisplayName:GithubVersionProviderSource": "GitHub version provider source",
    "DisplayName:VersionBranchPrefix": "Version branch prefix",
    "DisplayName:All": "Pull all",
    "DisplayName:LanguageCode": "Language code",
    "DisplayName:Version": "Version",
    "Documents": "Documents",
    "RemoveFromCache": "Remove from cache and re-index",
    "Reindex": "Reindex",
    "ReindexCompleted": "Reindex completed",
    "RemovedFromCache": "Removed from cache and re-indexed",
    "RemoveFromCacheConfirmation": "Are you sure you want to remove this item from cache?",
    "ReIndexDocumentConfirmation": "Are you sure you want to re-index \"{0}\"?",
    "DeleteFromDatabase": "Delete from database",
    "Deleted": "Deleted",
    "Search": "Search",
    "StartDate": "Start date",
    "EndDate": "End date",
    "CreationTime": "Creation time",
    "LastUpdateTime": "Last update",
    "LastSignificantUpdateTime": "Last significant update",
    "Version": "Version",
    "LanguageCode": "Language code",
    "FileName": "File name",
    "LastCachedTime": "Cache time",
    "Project": "Project",
    "AdvancedFilters": "Advanced Filters",
    "RemoveCacheAndReIndexConfirmation": "The document \"{0}\" will be removed from the cache and re-indexed. Do you confirm?",
    "GeneratePdf": "Generate PDF",
    "Generating": "Generating...",
    "Language": "Language",
    "ForceToGenerateNewPdf": "Force to generate new PDF",
    "PdfGeneratedSuccessfully": "PDF generated successfully",
    "GenerateAndDownloadPdf": "Generate and download PDF",
    "PdfFileDeletionWarningMessage": "Are you sure you want to delete the PDF file \"{0}\"?",
    "ManagePdfFiles": "Manage PDF files",
    "Permission:ManagePdfFiles": "Manage PDF files",
    "PdfDeletedSuccessfully": "PDF file has been deleted successfully",
    "PdfGenerationStarted": "PDF generation started",
    "PdfGenerationStartedInfoMessage": "PDF generation has started. Once completed, you can check if the file has been added to the PDF files section."
  }
}