{
  "culture": "es",
  "texts": {
    "Permission:DocumentManagement": "Gestión de documentos",
    "Permission:Projects": "Proyectos",
    "Permission:Edit": "Editar",
    "Permission:Delete": "Borrar",
    "Permission:Create": "Crear",
    "Permission:Documents": "Documentos",
    "Menu:Documents": "Documentos",
    "Menu:DocumentManagement": "Documentos",
    "Menu:ProjectManagement": "Proyectos",
    "CreateANewProject": "Crear nuevo proyecto",
    "Edit": "Editar",
    "Create": "Crear",
    "Pull": "Extraer",
    "Projects": "Proyectos",
    "Name": "Nombre",
    "ShortName": "ShortName",
    "DocumentStoreType": "DocumentStoreType",
    "Format": "Formato",
    "ShortNameInfoText": "Será usado para crear una URL única",
    "DisplayName:Name": "Nombre",
    "DisplayName:ShortName": "Nombre corto",
    "DisplayName:Format": "Formato",
    "DisplayName:DefaultDocumentName": "Nombre del documento predeterminado",
    "DisplayName:NavigationDocumentName": "Nombre del documento de navegación",
    "DisplayName:MinimumVersion": "Versión mínima",
    "DisplayName:MainWebsiteUrl": "URL principal del sitio web",
    "DisplayName:LatestVersionBranchName": "Nombre de la rama de la última versión ",
    "DisplayName:GitHubRootUrl": "URL raíz de GitHub",
    "DisplayName:GitHubAccessToken": "Token de acceso a GitHub",
    "DisplayName:GitHubUserAgent": "Usuario agente de GitHub",
    "DisplayName:GithubVersionProviderSource": "Versión del proveedor de Github",
    "DisplayName:VersionBranchPrefix": "Prefijo de la rama de la versión",
    "DisplayName:All": "Extraer tódo",
    "DisplayName:LanguageCode": "Código de idioma",
    "DisplayName:Version": "Versión",
    "Documents": "Documentos",
    "RemoveFromCache": "Eliminar de la caché y volver a indexar",
    "Reindex": "Reindexado",
    "ReindexCompleted": "Reindexado completado",
    "RemovedFromCache": "Eliminado de la caché y reIndexado",
    "RemoveFromCacheConfirmation": "¿Estás seguro que quieres borrar este elemento de la caché?",
    "ReIndexDocumentConfirmation": "¿Estás seguro de que quieres reindexar \"{0}\"?",
    "DeleteFromDatabase": "Eliminado de la base de datos",
    "Deleted": "Eliminado",
    "Search": "Buscar",
    "StartDate": "Fecha de inicio",
    "EndDate": "Fecha de fin",
    "CreationTime": "Fecha de creación",
    "LastUpdateTime": "Última actualización",
    "LastSignificantUpdateTime": "Última actualización significativa",
    "Version": "Versión",
    "LanguageCode": "Código de idioma",
    "FileName": "Nombre de fichero",
    "LastCachedTime": "Última actualización de caché",
    "Project": "Proyecto",
    "AdvancedFilters": "Filtros avanzados",
    "RemoveCacheAndReIndexConfirmation": "El documento \"{0}\" será eliminado de la caché y reindexado. ¿Lo confirma?",
    "GeneratePdf": "Generar PDF",
    "Generating": "Generando...",
    "Language": "Idioma",
    "ForceToGenerateNewPdf": "Forzar a generar un nuevo PDF",
    "PdfGeneratedSuccessfully": "PDF generado correctamente",
    "GenerateAndDownloadPdf": "Generar y descargar PDF",
    "PdfFileDeletionWarningMessage": "¿Está seguro de querer eliminar el archivo PDF \"{0}\"?",
    "ManagePdfFiles": "Administrar archivos PDF",
    "Permission:ManagePdfFiles": "Administrar archivos PDF",
    "PdfDeletedSuccessfully": "El archivo PDF se ha eliminado correctamente",
    "PdfGenerationStarted": "Se inició la generación de PDF",
    "PdfGenerationStartedInfoMessage": "La generación del PDF ha comenzado. Una vez completado, puede verificar si el archivo se ha agregado en la sección de archivos PDF."
  }
}