{
  "culture": "fi",
  "texts": {
    "Permission:DocumentManagement": "Asiakirjahallinta",
    "Permission:Projects": "Projektit",
    "Permission:Edit": "Muokkaus",
    "Permission:Delete": "Poisto",
    "Permission:Create": "Luonti",
    "Permission:Documents": "Asiakirjat",
    "Menu:Documents": "Asiakirjat",
    "Menu:DocumentManagement": "Asiakirjat",
    "Menu:ProjectManagement": "Projektit",
    "CreateANewProject": "Luo uusi projekti",
    "Edit": "Muokkaa",
    "Create": "Luo",
    "Pull": "Vedä (Pull)",
    "Projects": "Projektit",
    "Name": "Nimi",
    "ShortName": "Lyhyt nimi",
    "DocumentStoreType": "Asiakirjavaraston tyyppi",
    "Format": "Muoto",
    "ShortNameInfoText": "Käytetään yksilölliseen URL-osoitteeseen.",
    "DisplayName:Name": "Nimi",
    "DisplayName:ShortName": "Lyhyt nimi",
    "DisplayName:Format": "Muoto",
    "DisplayName:DefaultDocumentName": "Oletusasiakirjan nimi",
    "DisplayName:NavigationDocumentName": "Navigointiasiakirjan nimi",
    "DisplayName:MinimumVersion": "Vähimmäisversio",
    "DisplayName:MainWebsiteUrl": "Pääsivuston URL-osoite",
    "DisplayName:LatestVersionBranchName": "Uusimman version haaran nimi",
    "DisplayName:GitHubRootUrl": "GitHub-juuriosoite",
    "DisplayName:GitHubAccessToken": "GitHub-käyttöoikeustunnus",
    "DisplayName:GitHubUserAgent": "GitHub-käyttäjäagentti",
    "DisplayName:GithubVersionProviderSource": "GitHub-version tarjoajan lähde",
    "DisplayName:VersionBranchPrefix": "Versiohaaran etuliite",
    "DisplayName:All": "Vedä (Pull) Kaikki",
    "DisplayName:LanguageCode": "Kielikoodi",
    "DisplayName:Version": "Versio",
    "Documents": "Asiakirjat",
    "RemoveFromCache": "Poista välimuistista ja indeksoi uudelleen",
    "Reindex": "Uudelleen indeksoi",
    "ReindexCompleted": "Uudelleen indeksointi valmis",
    "RemovedFromCache": "Poistettu välimuistista ja indeksoitu uudelleen.",
    "RemoveFromCacheConfirmation": "Haluatko varmasti poistaa tämän kohteen välimuistista?",
    "ReIndexDocumentConfirmation": "Oletko varma, että haluat indeksoida \"{0}\" uudelleen?",
    "DeleteFromDatabase": "Poista tietokannasta",
    "Deleted": "Poistettu",
    "Search": "Hae",
    "StartDate": "Aloituspäivämäärä",
    "EndDate": "Päättymispäivä",
    "CreationTime": "Luomisaika",
    "LastUpdateTime": "Viimeisin päivitys",
    "LastSignificantUpdateTime": "Viimeinen merkittävä päivitys",
    "Version": "Versio",
    "LanguageCode": "Kielikoodi",
    "FileName": "Tiedoston nimi",
    "LastCachedTime": "Välimuistin aika",
    "Project": "Projekti",
    "AdvancedFilters": "Edistyneet suodattimet",
    "RemoveCacheAndReIndexConfirmation": "Dokumentti \"{0}\" poistetaan välimuistista ja indeksoidaan uudelleen. Vahvistatko?",
    "GeneratePdf": "Generoi PDF",
    "Generating": "Generoiminen...",
    "Language": "Kieli",
    "ForceToGenerateNewPdf": "Vahvista uusi PDF",
    "PdfGeneratedSuccessfully": "PDF generoidaan onnistuneesti",
    "GenerateAndDownloadPdf": "Generoi ja lataa PDF",
    "PdfFileDeletionWarningMessage": "Oletko varma, että haluat poistaa PDF-tiedoston \"{0}\"?",
    "ManagePdfFiles": "Hallitse PDF-tiedostoja",
    "Permission:ManagePdfFiles": "Hallitse PDF-tiedostoja",
    "PdfDeletedSuccessfully": "PDF-tiedosto poistettu onnistuneesti",
    "PdfGenerationStarted": "PDF:n luonti on aloitettu",
    "PdfGenerationStartedInfoMessage": "PDF:n luonti on aloitettu. Kun se on valmis, voit tarkistaa, onko tiedosto lisätty PDF-tiedostot-osioon."
  }
}