{
  "culture": "hi",
  "texts": {
    "Permission:DocumentManagement": "दस्तावेज़ प्रबंधन",
    "Permission:Projects": "परियोजनाओं",
    "Permission:Edit": "संपादित करें",
    "Permission:Delete": "हटाएं",
    "Permission:Create": "सृजन करना",
    "Permission:Documents": "दस्तावेज़",
    "Menu:Documents": "दस्तावेज़",
    "Menu:DocumentManagement": "दस्तावेज़",
    "Menu:ProjectManagement": "परियोजनाओं",
    "CreateANewProject": "नया प्रोजेक्ट बनाएं",
    "Edit": "संपादित करें",
    "Create": "सृजन करना",
    "Pull": "खींचें",
    "Projects": "परियोजनाओं",
    "Name": "नाम",
    "ShortName": "संक्षिप्त नाम",
    "DocumentStoreType": "DocumentStoreType",
    "Format": "प्रारूप",
    "ShortNameInfoText": "अद्वितीय URL के लिए उपयोग किया जाएगा।",
    "DisplayName:Name": "नाम",
    "DisplayName:ShortName": "संक्षिप्त नाम",
    "DisplayName:Format": "प्रारूप",
    "DisplayName:DefaultDocumentName": "डिफ़ॉल्ट दस्तावेज़ नाम",
    "DisplayName:NavigationDocumentName": "नेविगेशन दस्तावेज़ का नाम",
    "DisplayName:MinimumVersion": "न्यूनतम संस्करण",
    "DisplayName:MainWebsiteUrl": "मुख्य वेब साइट यूआरएल",
    "DisplayName:LatestVersionBranchName": "नवीनतम संस्करण शाखा का नाम",
    "DisplayName:GitHubRootUrl": "GitHub रूट URL",
    "DisplayName:GitHubAccessToken": "गिटहब पहुंच टोकन",
    "DisplayName:GitHubUserAgent": "GitHub उपयोगकर्ता एजेंट",
    "DisplayName:GithubVersionProviderSource": "GitHub संस्करण प्रदाता स्रोत",
    "DisplayName:VersionBranchPrefix": "संस्करण शाखा उपसर्ग",
    "DisplayName:All": "सभी को खींचो",
    "DisplayName:LanguageCode": "भाषा कोड",
    "DisplayName:Version": "संस्करण",
    "Documents": "दस्तावेज़",
    "RemoveFromCache": "कैश और रीइंडेक्स से निकालें",
    "Reindex": "अनुक्रमणः",
    "ReindexCompleted": "रेनडेक्स पूरा किया",
    "RemovedFromCache": "संचय से निकाला गया और पुनः अनुक्रमित किया गया",
    "RemoveFromCacheConfirmation": "क्या आप वाकई इस आइटम को कैश से निकालना चाहते हैं?",
    "ReIndexDocumentConfirmation": "क्या आप वाकई \"{0}\" को फिर से अनुक्रमित करना चाहते हैं?",
    "DeleteFromDatabase": "डेटाबेस से हटाएं",
    "Deleted": "हटाए गए",
    "Search": "खोज",
    "StartDate": "आरंभ करने की तिथि",
    "EndDate": "समाप्ति तिथि",
    "CreationTime": "रचना समय",
    "LastUpdateTime": "आखिरी अपडेट",
    "LastSignificantUpdateTime": "अंतिम महत्वपूर्ण अद्यतन",
    "Version": "संस्करण",
    "LanguageCode": "भाषा कोड",
    "FileName": "फ़ाइल का नाम",
    "LastCachedTime": "कैश समय",
    "Project": "परियोजना",
    "AdvancedFilters": "उन्नत फ़िल्टर",
    "RemoveCacheAndReIndexConfirmation": "दस्तावेज़ \"{0}\" को संचय से हटा दिया जाएगा और पुन: अनुक्रमित किया जाएगा। क्या आप पुष्टि करते हैं?",
    "GeneratePdf": "PDF उत्पन्न करें",
    "Generating": "उत्पन्न कर रहा है...",
    "Language": "भाषा",
    "ForceToGenerateNewPdf": "नया PDF उत्पन्न करें",
    "PdfGeneratedSuccessfully": "PDF सफलतापूर्वक उत्पन्न हो गया",
    "GenerateAndDownloadPdf": "PDF उत्पन्न और डाउनलोड करें",
    "PdfFileDeletionWarningMessage": "क्या आप वाकई \"{0}\" के PDF फ़ाइल को हटाना चाहते हैं?",
    "ManagePdfFiles": "PDF फ़ाइलें प्रबंधित करें",
    "Permission:ManagePdfFiles": "PDF फ़ाइलें प्रबंधित करें",
    "PdfDeletedSuccessfully": "PDF फ़ाइल सफलतापूर्वक हटा दी गई",
    "PdfGenerationStarted": "PDF जनरेशन शुरू हो गया है",
    "PdfGenerationStartedInfoMessage": "PDF जनरेशन शुरू हो गया है। पूरा होने के बाद, आप जांच सकते हैं कि फ़ाइल PDF फ़ाइल सेक्शन में जोड़ी गई है या नहीं।"
  }
}