{
  "culture": "is",
  "texts": {
    "Permission:DocumentManagement": "Skjalastjórnun",
    "Permission:Projects": "Verkefni",
    "Permission:Edit": "Breyta",
    "Permission:Delete": "Eyða",
    "Permission:Create": "Búa til",
    "Permission:Documents": "Skjöl",
    "Menu:Documents": "Skjöl",
    "Menu:DocumentManagement": "Skjöl",
    "Menu:ProjectManagement": "Verkefni",
    "CreateANewProject": "Búa til nýtt verkefni",
    "Edit": "Breyta",
    "Create": "Búa til",
    "Pull": "Toga",
    "Projects": "Verkefni",
    "Name": "Nafn",
    "ShortName": "Stutt nafn",
    "DocumentStoreType": "DocumentStoreType",
    "Format": "Snið",
    "ShortNameInfoText": "Verður notað fyrir einstaka vefslóð.",
    "DisplayName:Name": "Nafn",
    "DisplayName:ShortName": "Stutt nafn",
    "DisplayName:Format": "Snið",
    "DisplayName:DefaultDocumentName": "Sjálfgefið heiti skjals",
    "DisplayName:NavigationDocumentName": "Heiti siglingaskjals",
    "DisplayName:MinimumVersion": "Lágmarksútgáfa",
    "DisplayName:MainWebsiteUrl": "Aðalsíða vefslóðar",
    "DisplayName:LatestVersionBranchName": "Nafn nýjastu útgáfa greinar",
    "DisplayName:GitHubRootUrl": "Rótarslóð GitHub",
    "DisplayName:GitHubAccessToken": "Auðkennis tóken frá GitHub",
    "DisplayName:GitHubUserAgent": "GitHub user agent",
    "DisplayName:GithubVersionProviderSource": "GitHub version provider source",
    "DisplayName:VersionBranchPrefix": "Forskeyti útgáfu greinar",
    "DisplayName:All": "Toga allt niður",
    "DisplayName:LanguageCode": "Túngumála kóði",
    "DisplayName:Version": "Útgáfa",
    "Documents": "Skjöl",
    "RemoveFromCache": "Fjarlægðu úr skyndiminni og ReIndex",
    "Reindex": "Endurindexa",
    "ReindexCompleted": "Endurindexum lokið",
    "RemovedFromCache": "Fjarlægt úr skyndiminni og endurtryggt",
    "RemoveFromCacheConfirmation": "Ertu viss um að þú viljir fjarlægja þetta atriði úr skyndiminni?",
    "ReIndexDocumentConfirmation": "Ertu viss um að þú viljir endurskrá \"{0}\"?",
    "DeleteFromDatabase": "Eyða úr gagnagrunni",
    "Deleted": "Eyða",
    "Search": "Leita",
    "StartDate": "Upphafsdagur",
    "EndDate": "Loka dagsetning",
    "CreationTime": "Sköpunartími",
    "LastUpdateTime": "Síðasta uppfærsla",
    "LastSignificantUpdateTime": "Síðasta stóra uppfærsla",
    "Version": "Útgáfa",
    "LanguageCode": "Túngumála kóði",
    "FileName": "Skráar nafn",
    "LastCachedTime": "Tími geymt í skyndiminni",
    "Project": "Verkefni",
    "AdvancedFilters": "Ítarlegar síur",
    "RemoveCacheAndReIndexConfirmation": "Skjalið \"{0}\" verður fjarlægt úr skyndiminni og endurtryggt. Staðfestir þú?",
    "GeneratePdf": "Generate PDF",
    "Generating": "Generating...",
    "Language": "Language",
    "ForceToGenerateNewPdf": "Force to generate new PDF",
    "PdfGeneratedSuccessfully": "PDF generated successfully",
    "GenerateAndDownloadPdf": "Generate and download PDF",
    "PdfFileDeletionWarningMessage": "Are you sure you want to delete the PDF file \"{0}\"?",
    "ManagePdfFiles": "Manage PDF files",
    "Permission:ManagePdfFiles": "Manage PDF files",
    "PdfDeletedSuccessfully": "PDF skrá var eytt með góðum árangri",
    "PdfGenerationStarted": "PDF gerð hefur hafist",
    "PdfGenerationStartedInfoMessage": "PDF gerð hefur hafist. Þegar henni er lokið geturðu athugað hvort skráin hafi verið bætt við í PDF skráarhlutanum."
  }
}