{
  "culture": "nl",
  "texts": {
    "Permission:DocumentManagement": "Document beheer",
    "Permission:Projects": "Projecten",
    "Permission:Edit": "Bewerk",
    "Permission:Delete": "Verwijder",
    "Permission:Create": "Maak aan",
    "Permission:Documents": "Documenten",
    "Menu:Documents": "Documenten",
    "Menu:DocumentManagement": "Documenten",
    "Menu:ProjectManagement": "Projecten",
    "CreateANewProject": "Maak een nieuw project",
    "Edit": "Bewerk",
    "Create": "Maak aan",
    "Pull": "Pull",
    "Projects": "Projecten",
    "Name": "Naam",
    "ShortName": "Korte naam",
    "DocumentStoreType": "DocumentStoreType",
    "Format": "Formaat",
    "ShortNameInfoText": "Wordt gebruikt voor unieke URL.",
    "DisplayName:Name": "Naam",
    "DisplayName:ShortName": "Korte naam",
    "DisplayName:Format": "Formaat",
    "DisplayName:DefaultDocumentName": "Standaard documentnaam",
    "DisplayName:NavigationDocumentName": "Navigatiedocumentnaam",
    "DisplayName:MinimumVersion": "Minimale versie",
    "DisplayName:MainWebsiteUrl": "URL van hoofdwebsite",
    "DisplayName:LatestVersionBranchName": "Laatste versie vertakkingsnaam",
    "DisplayName:GitHubRootUrl": "GitHub root URL",
    "DisplayName:GitHubAccessToken": "GitHub-toegangstoken",
    "DisplayName:GitHubUserAgent": "GitHub-gebruikersagent",
    "DisplayName:GithubVersionProviderSource": "GitHub versieprovider bron",
    "DisplayName:VersionBranchPrefix": "Versie branch prefix",
    "DisplayName:All": "Pull all",
    "DisplayName:LanguageCode": "Taalcode",
    "DisplayName:Version": "Versie",
    "Documents": "Documenten",
    "RemoveFromCache": "Verwijderen uit cache en opnieuw indexeren",
    "Reindex": "Opnieuw indexeren",
    "ReindexCompleted": "Opnieuw indexeren voltooid",
    "RemovedFromCache": "Verwijderd uit cache en opnieuw geïndexeerd",
    "RemoveFromCacheConfirmation": "Weet u zeker dat u dit item uit de cache wilt verwijderen?",
    "ReIndexDocumentConfirmation": "Weet u zeker dat u \"{0}\" opnieuw wilt indexeren?",
    "DeleteFromDatabase": "Verwijder uit database",
    "Deleted": "Verwijderd",
    "Search": "Zoeken",
    "StartDate": "Startdatum",
    "EndDate": "Einddatum",
    "CreationTime": "Aanmaaktijd",
    "LastUpdateTime": "Laatste update",
    "LastSignificantUpdateTime": "Laatste significante update",
    "Version": "Versie",
    "LanguageCode": "Taalcode",
    "FileName": "Bestandsnaam",
    "LastCachedTime": "Cache tijd",
    "Project": "Project",
    "AdvancedFilters": "Geavanceerde filters",
    "RemoveCacheAndReIndexConfirmation": "Het document \"{0}\" wordt uit de cache verwijderd en opnieuw geïndexeerd. Bevestigt u?",
    "GeneratePdf": "PDF genereren",
    "Generating": "Genereren...",
    "Language": "Taal",
    "ForceToGenerateNewPdf": "Forceer nieuwe PDF te genereren",
    "PdfGeneratedSuccessfully": "PDF succesvol gegenereerd",
    "GenerateAndDownloadPdf": "PDF genereren en downloaden",
    "PdfFileDeletionWarningMessage": "Weet u zeker dat u het PDF-bestand \"{0}\" wilt verwijderen?",
    "ManagePdfFiles": "PDF-bestanden beheren",
    "Permission:ManagePdfFiles": "PDF-bestanden beheren",
    "PdfDeletedSuccessfully": "PDF-bestand is succesvol verwijderd",
    "PdfGenerationStarted": "PDF-generatie is gestart",
    "PdfGenerationStartedInfoMessage": "PDF-generatie is gestart. Na voltooiing kunt u controleren of het bestand is toegevoegd in de PDF-bestandssectie."
  }
}