{
  "culture": "pl-PL",
  "texts": {
    "Permission:DocumentManagement": "Zarządzanie dokumentami",
    "Permission:Projects": "Projekty",
    "Permission:Edit": "Edytuj",
    "Permission:Delete": "Usuń",
    "Permission:Create": "Utwórz",
    "Permission:Documents": "Dokumenty",
    "Menu:Documents": "Dokumenty",
    "Menu:DocumentManagement": "Dokumenty",
    "Menu:ProjectManagement": "Projekty",
    "CreateANewProject": "Utwórz nowy projet",
    "Edit": "Edytuj",
    "Create": "Utwórz",
    "Pull": "Ciągnąć",
    "Projects": "Projekty",
    "Name": "Nazwa",
    "ShortName": "Krótka nazwa",
    "DocumentStoreType": "Typ zapisu dokumentu",
    "Format": "Format",
    "ShortNameInfoText": "Zostanie użyty do unikalnego URL.",
    "DisplayName:Name": "Nazwa",
    "DisplayName:ShortName": "Krótka nazwa",
    "DisplayName:Format": "Format",
    "DisplayName:DefaultDocumentName": "Domyślna nazwa dokumentu",
    "DisplayName:NavigationDocumentName": "Nawigacyjna nazwa dokumentu",
    "DisplayName:MinimumVersion": "Minimalna wersja",
    "DisplayName:MainWebsiteUrl": "Adres strony głównej",
    "DisplayName:LatestVersionBranchName": "Nazwa brancha ostatniej wersji",
    "DisplayName:GitHubRootUrl": "Adres URL do GitHub'a",
    "DisplayName:GitHubAccessToken": "GitHub access token",
    "DisplayName:GitHubUserAgent": "GitHub user agent",
    "DisplayName:GithubVersionProviderSource": "Źródło dostawcy wersji GitHub",
    "DisplayName:VersionBranchPrefix": "Prefiks gałęzi wersji",
    "DisplayName:All": "Pociągnij wszystko",
    "DisplayName:LanguageCode": "Kod języka",
    "DisplayName:Version": "Wersja",
    "Documents": "Dokumenty",
    "RemoveFromCache": "Usunięcie z pamięci podręcznej i ponowne indeksowanie",
    "Reindex": "Ponowna indeksacja",
    "ReindexCompleted": "Ponowna indeksacja zakończona",
    "RemovedFromCache": "Usunięte z pamięci podręcznej i ponownie zindeksowane",
    "RemoveFromCacheConfirmation": "Czy na pewno chcesz usunąć ten element z pamięci podręcznej?",
    "ReIndexDocumentConfirmation": "Czy na pewno chcesz przeindeksować \"{0}\"?",
    "DeleteFromDatabase": "Usuń z bazy danych",
    "Deleted": "Usunięto",
    "Search": "Szukaj",
    "StartDate": "Data rozpoczęcia",
    "EndDate": "Data końcowa",
    "CreationTime": "Czas utworzenia",
    "LastUpdateTime": "Ostatnia aktualizacja",
    "LastSignificantUpdateTime": "Ostatnia ważna aktualizacja",
    "Version": "Wersja",
    "LanguageCode": "Kod języka",
    "FileName": "Nazwa pliku",
    "LastCachedTime": "Czas w pamięci podręcznej",
    "Project": "Projekt",
    "AdvancedFilters": "Zaawansowane filtry",
    "RemoveCacheAndReIndexConfirmation": "Dokument \"{0}\" zostanie usunięty z pamięci podręcznej i ponownie zaindeksowany. Czy potwierdzasz?",
    "GeneratePdf": "Generuj PDF",
    "Generating": "Generowanie...",
    "Language": "Język",
    "ForceToGenerateNewPdf": "Wymuś generowanie nowego PDF",
    "PdfGeneratedSuccessfully": "PDF został pomyślnie wygenerowany",
    "GenerateAndDownloadPdf": "Generuj i pobierz PDF",
    "PdfFileDeletionWarningMessage": "Czy na pewno chcesz usunąć plik PDF \"{0}\"?",
    "ManagePdfFiles": "Zarządzanie plikami PDF",
    "Permission:ManagePdfFiles": "Zarządzaj plikami PDF",
    "PdfDeletedSuccessfully": "Plik PDF został pomyślnie usunięty",
    "PdfGenerationStarted": "Rozpoczęto generowanie PDF",
    "PdfGenerationStartedInfoMessage": "Rozpoczęto generowanie PDF. Po zakończeniu możesz sprawdzić, czy plik został dodany w sekcji plików PDF."
  }
}