{
  "culture": "pt-BR",
  "texts": {
    "Permission:DocumentManagement": "Gerenciamento de documentos",
    "Permission:Projects": "Projetos",
    "Permission:Edit": "Editar",
    "Permission:Delete": "Excluir",
    "Permission:Create": "Criar",
    "Permission:Documents": "Documentos",
    "Menu:Documents": "Documentos",
    "Menu:DocumentManagement": "Documentos",
    "Menu:ProjectManagement": "Projetos",
    "CreateANewProject": "Criar um novo projeto",
    "Edit": "Editar",
    "Create": "Criar",
    "Pull": "Puxar",
    "Projects": "Projetos",
    "Name": "Nome",
    "ShortName": "Nome Curto",
    "DocumentStoreType": "DocumentStoreType",
    "Format": "Formato",
    "ShortNameInfoText": "Será utilizado para URL única.",
    "DisplayName:Name": "Nome",
    "DisplayName:ShortName": "Nome Curto",
    "DisplayName:Format": "Formatar",
    "DisplayName:DefaultDocumentName": "Nome padrão do documento",
    "DisplayName:NavigationDocumentName": "Nome de navegação do documento",
    "DisplayName:MinimumVersion": "Versão mínima",
    "DisplayName:MainWebsiteUrl": "URL do site principal",
    "DisplayName:LatestVersionBranchName": "Nome do branch da última versão",
    "DisplayName:GitHubRootUrl": "URL raíz do GitHub",
    "DisplayName:GitHubAccessToken": "Token de acesso do GitHub",
    "DisplayName:GitHubUserAgent": "Usuário agente do GitHub",
    "DisplayName:GithubVersionProviderSource": "Fonte do provedor de versão do GitHub",
    "DisplayName:VersionBranchPrefix": "Prefixo da Branch da versão",
    "DisplayName:All": "Puxe tudo",
    "DisplayName:LanguageCode": "Código de idioma",
    "DisplayName:Version": "Versão",
    "Documents": "Documentos",
    "RemoveFromCache": "Remover do cache e do ReIndex",
    "Reindex": "Reindexar",
    "ReindexCompleted": "Reindexação concluída",
    "RemovedFromCache": "Removido do cache e reIndexado",
    "RemoveFromCacheConfirmation": "Tem certeza de que deseja remover este item do cache?",
    "ReIndexDocumentConfirmation": "Você tem certeza de que quer re-indexar \"{0}\"?",
    "DeleteFromDatabase": "Excluir do banco de dados",
    "Deleted": "Excluído",
    "Search": "Procurar",
    "StartDate": "Data de início",
    "EndDate": "Data final",
    "CreationTime": "Tempo de criação",
    "LastUpdateTime": "Última atualização",
    "LastSignificantUpdateTime": "Última atualização significativa",
    "Version": "Versão",
    "LanguageCode": "Código de idioma",
    "FileName": "Nome do arquivo",
    "LastCachedTime": "Tempo de cache",
    "Project": "Projeto",
    "AdvancedFilters": "Filtros Avançados",
    "RemoveCacheAndReIndexConfirmation": "O documento \"{0}\" será removido do cache e indexado novamente. Você confirma?",
    "GeneratePdf": "Gerar PDF",
    "Generating": "Gerando...",
    "Language": "Idioma",
    "ForceToGenerateNewPdf": "Forçar para gerar um novo PDF",
    "PdfGeneratedSuccessfully": "PDF gerado com sucesso",
    "GenerateAndDownloadPdf": "Gerar e baixar PDF",
    "PdfFileDeletionWarningMessage": "Tem certeza de que deseja excluir o arquivo PDF \"{0}\"?",
    "ManagePdfFiles": "Gerenciar arquivos PDF",
    "Permission:ManagePdfFiles": "Gerenciar arquivos PDF",
    "PdfDeletedSuccessfully": "Arquivo PDF foi excluído com sucesso",
    "PdfGenerationStarted": "A geração do PDF foi iniciada",
    "PdfGenerationStartedInfoMessage": "A geração do PDF foi iniciada. Após a conclusão, você pode verificar se o arquivo foi adicionado na seção de arquivos PDF."
  }
}