{
  "culture": "ro-RO",
  "texts": {
    "Permission:DocumentManagement": "Gestionare documente",
    "Permission:Projects": "Proiecte",
    "Permission:Edit": "Editează",
    "Permission:Delete": "Şterge",
    "Permission:Create": "Creează",
    "Permission:Documents": "Documente",
    "Menu:Documents": "Documente",
    "Menu:DocumentManagement": "Documente",
    "Menu:ProjectManagement": "Proiecte",
    "CreateANewProject": "Creează un nou proiect",
    "Edit": "Editează",
    "Create": "Creează",
    "Pull": "Pull",
    "Projects": "Proiecte",
    "Name": "Nume",
    "ShortName": "Nume pe scurt",
    "DocumentStoreType": "DocumentStoreType",
    "Format": "Format",
    "ShortNameInfoText": "Va fi folosit pentru URL unic.",
    "DisplayName:Name": "Nume",
    "DisplayName:ShortName": "Nume pe scurt",
    "DisplayName:Format": "Format",
    "DisplayName:DefaultDocumentName": "Nume implicit document",
    "DisplayName:NavigationDocumentName": "Nume document de navigare",
    "DisplayName:MinimumVersion": "Versiune minimă",
    "DisplayName:MainWebsiteUrl": "URL site web principal",
    "DisplayName:LatestVersionBranchName": "Latest version branch name",
    "DisplayName:GitHubRootUrl": "GitHub root URL",
    "DisplayName:GitHubAccessToken": "GitHub access token",
    "DisplayName:GitHubUserAgent": "GitHub user agent",
    "DisplayName:GithubVersionProviderSource": "GitHub version provider source",
    "DisplayName:VersionBranchPrefix": "Version branch prefix",
    "DisplayName:All": "Pull all",
    "DisplayName:LanguageCode": "Codul limbii",
    "DisplayName:Version": "Versiune",
    "Documents": "Documente",
    "RemoveFromCache": "Eliminarea din memoria cache și reintroducerea indexării",
    "Reindex": "Reindexează",
    "ReindexCompleted": "Reindexare completă",
    "RemovedFromCache": "Eliminat din memoria cache și reintrodus în index",
    "RemoveFromCacheConfirmation": "Sunteţi sigur(ă) că vreţi să ştergeţi acest obiect din cache?",
    "ReIndexDocumentConfirmation": "Sunteți sigur că doriți să re-indexați \"{0}\"?",
    "DeleteFromDatabase": "Şterge din baza de date",
    "Deleted": "Şters",
    "Search": "Caută",
    "StartDate": "Data de început",
    "EndDate": "Data de sfârşit",
    "CreationTime": "Data creării",
    "LastUpdateTime": "Ultima actualizare",
    "LastSignificantUpdateTime": "Ultima actualizare semnificativă",
    "Version": "Versiune",
    "LanguageCode": "Codul limbii",
    "FileName": "Nume fişier",
    "LastCachedTime": "Durată cache",
    "Project": "Proiect",
    "AdvancedFilters": "Filtre avansate",
    "RemoveCacheAndReIndexConfirmation": "Documentul \"{0}\" va fi eliminat din memoria cache și va fi reindexat. Confirmați?",
    "GeneratePdf": "Generare PDF",
    "Generating": "Generare...",
    "Language": "Limba",
    "ForceToGenerateNewPdf": "Forțați generarea unui nou PDF",
    "PdfGeneratedSuccessfully": "PDF generat cu succes",
    "GenerateAndDownloadPdf": "Generare și descărcare PDF",
    "PdfFileDeletionWarningMessage": "Sunteți sigur(ă) că doriți să ștergeți fișierul PDF \"{0}\"?",
    "ManagePdfFiles": "Gestionare fișiere PDF",
    "Permission:ManagePdfFiles": "Gestionare fișiere PDF",
    "PdfDeletedSuccessfully": "Fișierul PDF a fost șters cu succes",
    "PdfGenerationStarted": "Generarea PDF-ului a început",
    "PdfGenerationStartedInfoMessage": "Generarea PDF-ului a început. După finalizare, puteți verifica dacă fișierul a fost adăugat în secțiunea de fișiere PDF."
  }
}