{
  "culture": "ru",
  "texts": {
    "Permission:DocumentManagement": "Управление документами",
    "Permission:Projects": "Проекты",
    "Permission:Edit": "Редактировать",
    "Permission:Delete": "Удалить",
    "Permission:Create": "Создать",
    "Permission:Documents": "Документы",
    "Menu:Documents": "Документы",
    "Menu:DocumentManagement": "Документы",
    "Menu:ProjectManagement": "Проекты",
    "CreateANewProject": "Создать проекты",
    "Edit": "Редактировать",
    "Create": "Создать",
    "Pull": "Получить",
    "Projects": "Проекты",
    "Name": "Название",
    "ShortName": "Сокращенное название",
    "DocumentStoreType": "Тип системы хранения",
    "Format": "Формат",
    "ShortNameInfoText": "Будет использоваться для уникального URL.",
    "DisplayName:Name": "Название",
    "DisplayName:ShortName": "Сокращенное название",
    "DisplayName:Format": "Формат",
    "DisplayName:DefaultDocumentName": "Имя документа по умолчанию",
    "DisplayName:NavigationDocumentName": "Имя документа для навигации",
    "DisplayName:MinimumVersion": "Минимальная версия",
    "DisplayName:MainWebsiteUrl": "URL основного веб-сайта",
    "DisplayName:LatestVersionBranchName": "Название ветки последней версии",
    "DisplayName:GitHubRootUrl": "Корневой URL-адрес GitHub",
    "DisplayName:GitHubAccessToken": "Маркер доступа для GitHub",
    "DisplayName:GitHubUserAgent": "Заголовок User-Agent для GitHub",
    "DisplayName:GithubVersionProviderSource": "Источник поставщика версии GitHub",
    "DisplayName:VersionBranchPrefix": "Префикс ветки версии",
    "DisplayName:All": "Получить все",
    "DisplayName:LanguageCode": "Код языка",
    "DisplayName:Version": "Версия",
    "Documents": "Документы",
    "RemoveFromCache": "Удаление из кэша и повторное индексирование",
    "Reindex": "Переиндексировать",
    "ReindexCompleted": "Переиндекс завершен",
    "RemovedFromCache": "Удалены из кэша и переиндексированы",
    "RemoveFromCacheConfirmation": "Вы уверены, что хотите удалить этот элемент из кеша?",
    "ReIndexDocumentConfirmation": "Вы уверены, что хотите переиндексировать \"{0}\"?",
    "DeleteFromDatabase": "Удалить из базы данных",
    "Deleted": "Удалено",
    "Search": "Поиск",
    "StartDate": "Дата начала",
    "EndDate": "Дата окончания",
    "CreationTime": "Время создания",
    "LastUpdateTime": "Последнее обновление",
    "LastSignificantUpdateTime": "Последнее существенное обновление",
    "Version": "Версия",
    "LanguageCode": "Код языка",
    "FileName": "Имя файла",
    "LastCachedTime": "Время кеширования",
    "Project": "Проект",
    "AdvancedFilters": "Расширенные фильтры",
    "RemoveCacheAndReIndexConfirmation": "Документ \"{0}\" будет удален из кэша и переиндексирован. Вы подтверждаете?",
    "GeneratePdf": "Генерировать PDF",
    "Generating": "Генерация...",
    "Language": "Язык",
    "ForceToGenerateNewPdf": "Принудительное создание нового PDF",
    "PdfGeneratedSuccessfully": "PDF успешно сгенерирован",
    "GenerateAndDownloadPdf": "Сгенерировать и скачать PDF",
    "PdfFileDeletionWarningMessage": "Вы уверены, что хотите удалить файл PDF \"{0}\"?",
    "ManagePdfFiles": "Управление PDF файлами",
    "Permission:ManagePdfFiles": "Управление PDF файлами",
    "PdfDeletedSuccessfully": "PDF файл успешно удален",
    "PdfGenerationStarted": "Началась генерация PDF",
    "PdfGenerationStartedInfoMessage": "Началась генерация PDF. После завершения вы можете проверить, добавлен ли файл в раздел PDF файлов."
  }
}