{
  "culture": "sk",
  "texts": {
    "Permission:DocumentManagement": "Správa dokumentov",
    "Permission:Projects": "Projekty",
    "Permission:Edit": "Upraviť",
    "Permission:Delete": "Zmazať",
    "Permission:Create": "Vytvoriť",
    "Permission:Documents": "Dokumenty",
    "Menu:Documents": "Dokumenty",
    "Menu:DocumentManagement": "Dokumenty",
    "Menu:ProjectManagement": "Projekty",
    "CreateANewProject": "Vytvoriť nový projekt",
    "Edit": "Upraviť",
    "Create": "Vytvoriť",
    "Pull": "Potiahnuť",
    "Projects": "Projekty",
    "Name": "Názov",
    "ShortName": "Krátky názov",
    "DocumentStoreType": "DocumentStoreType",
    "Format": "Formát",
    "ShortNameInfoText": "Použije sa pre jedinečnú adresu URL.",
    "DisplayName:Name": "Názov",
    "DisplayName:ShortName": "Krátky názov",
    "DisplayName:Format": "Formát",
    "DisplayName:DefaultDocumentName": "Predvolený názov dokumentu",
    "DisplayName:NavigationDocumentName": "Názov navigačného dokumentu",
    "DisplayName:MinimumVersion": "Minimálna verzia",
    "DisplayName:MainWebsiteUrl": "URL adresa hlavnej stránky",
    "DisplayName:LatestVersionBranchName": "Názov vetvy najnovšej verzie",
    "DisplayName:GitHubRootUrl": "GitHub root URL",
    "DisplayName:GitHubAccessToken": "GitHub access token",
    "DisplayName:GitHubUserAgent": "GitHub user agent",
    "DisplayName:GithubVersionProviderSource": "Zdroj poskytovateľa GitHub verzie",
    "DisplayName:VersionBranchPrefix": "Prefix vetvy verzie",
    "DisplayName:All": "Potiahnúť všetky",
    "DisplayName:LanguageCode": "Kód jazyka",
    "DisplayName:Version": "Verzia",
    "Documents": "Dokumenty",
    "RemoveFromCache": "Odstránenie z vyrovnávacej pamäte a opätovné indexovanie",
    "Reindex": "Reindexovať",
    "ReindexCompleted": "Reindexácia dokončená",
    "RemovedFromCache": "Odstránené z vyrovnávacej pamäte a znovu zaindexované",
    "RemoveFromCacheConfirmation": "Ste si istý, že chcete túto položku odstrániť z vyrovnávacej pamäte?",
    "ReIndexDocumentConfirmation": "Ste si istí, že chcete znovu indexovať \"{0}\"?",
    "DeleteFromDatabase": "Zmazať z databázy",
    "Deleted": "Zmazané",
    "Search": "Hľadať",
    "StartDate": "Dátum začiatku",
    "EndDate": "Dátum ukončenia",
    "CreationTime": "Čas vytvorenia",
    "LastUpdateTime": "Posledná aktualizácia",
    "LastSignificantUpdateTime": "Posledná významná aktualizácia",
    "Version": "Verzia",
    "LanguageCode": "Kód jazyka",
    "FileName": "Názov súboru",
    "LastCachedTime": "Čas vyrovnávacej pamäte",
    "Project": "Projekt",
    "AdvancedFilters": "Pokročilé filtre",
    "RemoveCacheAndReIndexConfirmation": "Dokument \"{0}\" sa odstráni z vyrovnávacej pamäte a znovu sa zaindexuje. Potvrdzujete?",
    "GeneratePdf": "Generovať PDF",
    "Generating": "Generovanie...",
    "Language": "Jazyk",
    "ForceToGenerateNewPdf": "Vynútiť generovanie nového PDF",
    "PdfGeneratedSuccessfully": "PDF generovaný úspešne",
    "GenerateAndDownloadPdf": "Generovať a stiahnuť PDF",
    "PdfFileDeletionWarningMessage": "Ste si istý, že chcete odstrániť súbor PDF \"{0}\"?",
    "ManagePdfFiles": "Správa PDF súborov",
    "Permission:ManagePdfFiles": "Správa PDF súborov",
    "PdfDeletedSuccessfully": "PDF súbor bol úspešne odstránený",
    "PdfGenerationStarted": "Začala sa generácia PDF",
    "PdfGenerationStartedInfoMessage": "Začala sa generácia PDF. Po dokončení môžete skontrolovať, či bol súbor pridaný v sekcii PDF súborov."
  }
}