{
  "culture": "sl",
  "texts": {
    "Permission:DocumentManagement": "Upravljanje dokumentov",
    "Permission:Projects": "Projekti",
    "Permission:Edit": "Urejanje",
    "Permission:Delete": "Brisanje",
    "Permission:Create": "Ustvarjanje",
    "Permission:Documents": "Dokumenti",
    "Menu:Documents": "dokumenti",
    "Menu:DocumentManagement": "Dokumenti",
    "Menu:ProjectManagement": "Projekti",
    "CreateANewProject": "Ustvari nov projekt",
    "Edit": "Uredi",
    "Create": "Ustvari",
    "Pull": "Prenesi",
    "Projects": "Projekti",
    "Name": "Name",
    "ShortName": "ShortName",
    "DocumentStoreType": "DocumentStoreType",
    "Format": "Format",
    "ShortNameInfoText": "Bo uporabljen za unikaten URL.",
    "DisplayName:Name": "Naziv",
    "DisplayName:ShortName": "Kratek naziv",
    "DisplayName:Format": "Format",
    "DisplayName:DefaultDocumentName": "Privzeti naziv dokumenta",
    "DisplayName:NavigationDocumentName": "Naziv dokumenta za navigacijo",
    "DisplayName:MinimumVersion": "Najnižja verzija",
    "DisplayName:MainWebsiteUrl": "URL glavne strani",
    "DisplayName:LatestVersionBranchName": "Naziv veje zadnje verzije",
    "DisplayName:GitHubRootUrl": "Korenski URL na GitHub",
    "DisplayName:GitHubAccessToken": "GitHub access token",
    "DisplayName:GitHubUserAgent": "GitHub user agent",
    "DisplayName:GithubVersionProviderSource": "Vir ponudnika različice GitHub",
    "DisplayName:VersionBranchPrefix": "Predpona veje različice",
    "DisplayName:All": "Prenesi vse",
    "DisplayName:LanguageCode": "Koda jezika",
    "DisplayName:Version": "Verzija",
    "Documents": "dokumenti",
    "RemoveFromCache": "Odstrani iz predpomnilnika",
    "Reindex": "Ponovno indeksiraj",
    "ReindexCompleted": "Ponovno indeksiranje je končano",
    "RemovedFromCache": "Odstranjeno iz predpomnilnika",
    "RemoveFromCacheConfirmation": "Ali ste prepričani, da želite odstraniti ta element iz predpomnilnika?",
    "ReIndexDocumentConfirmation": "Ali ste prepričani, da želite ponovno indeksirati ta element?",
    "DeleteFromDatabase": "Izbriši iz baze podatkov",
    "Deleted": "Izbrisano",
    "Search": "Iskanje",
    "StartDate": "Začetni datum",
    "EndDate": "Končni datum",
    "CreationTime": "Čas ustvarjanja",
    "LastUpdateTime": "Zadnja posodobitev",
    "LastSignificantUpdateTime": "Zadnja pomembna posodobitev",
    "Version": "Različica",
    "LanguageCode": "Jezikovna koda",
    "FileName": "Ime datoteke",
    "LastCachedTime": "Čas pred pomnilnika",
    "Project": "Projekt",
    "AdvancedFilters": "Napredni filtri",
    "RemoveCacheAndReIndexConfirmation": "Dokument »{0}« bo odstranjen iz predpomnilnika in ponovno indeksiran. Ali potrjuješ?",
    "GeneratePdf": "Generiraj PDF",
    "Generating": "Generiranje...",
    "Language": "Jezik",
    "ForceToGenerateNewPdf": "Prisili generiranje novega PDF",
    "PdfGeneratedSuccessfully": "PDF generiran uspešno",
    "GenerateAndDownloadPdf": "Generiraj in prenesi PDF",
    "PdfFileDeletionWarningMessage": "Ali ste prepričani, da želite izbrisati datoteko PDF »{0}«?",
    "ManagePdfFiles": "Upravljanje datotek PDF",
    "Permission:ManagePdfFiles": "Upravljanje datotek PDF",
    "PdfDeletedSuccessfully": "PDF datoteka je bila uspešno izbrisana",
    "PdfGenerationStarted": "Začelo se je ustvarjanje PDF-ja",
    "PdfGenerationStartedInfoMessage": "Začelo se je ustvarjanje PDF-ja. Ko bo končano, lahko preverite, ali je bila datoteka dodana v razdelek PDF datotek."
  }
}