{
  "culture": "sv",
  "texts": {
    "Permission:DocumentManagement": "Dokumenthantering",
    "Permission:Projects": "Projekt",
    "Permission:Edit": "Redigera",
    "Permission:Delete": "Radera",
    "Permission:Create": "Skapa",
    "Permission:Documents": "Dokument",
    "Menu:Documents": "Dokument",
    "Menu:DocumentManagement": "Dokument",
    "Menu:ProjectManagement": "Projekt",
    "CreateANewProject": "Skapa ett nytt projekt",
    "Edit": "Redigera",
    "Create": "Skapa",
    "Pull": "Dra från",
    "Projects": "Projekt",
    "Name": "Namn",
    "ShortName": "Kortnamn",
    "DocumentStoreType": "DokumentStoreTyp",
    "Format": "Format",
    "ShortNameInfoText": "Kommer att användas för unik URL.",
    "DisplayName:Name": "Namn",
    "DisplayName:ShortName": "Kort namn",
    "DisplayName:Format": "Format",
    "DisplayName:DefaultDocumentName": "Standardnamn för dokument",
    "DisplayName:NavigationDocumentName": "Namn på navigeringsdokument",
    "DisplayName:MinimumVersion": "Minsta version",
    "DisplayName:MainWebsiteUrl": "URL för huvudwebbplats",
    "DisplayName:LatestVersionBranchName": "Grennamn för senaste versionen",
    "DisplayName:GitHubRootUrl": "URL för GitHub-rot",
    "DisplayName:GitHubAccessToken": "Token för GitHub-åtkomst",
    "DisplayName:GitHubUserAgent": "GitHub användaragent",
    "DisplayName:GithubVersionProviderSource": "GitHub version leverantör källa",
    "DisplayName:VersionBranchPrefix": "Prefix för versionsgren",
    "DisplayName:All": "Dra alla",
    "DisplayName:LanguageCode": "Språkkod",
    "DisplayName:Version": "Version",
    "Documents": "Dokument",
    "RemoveFromCache": "Ta bort från cache och indexera på nytt",
    "Reindex": "Återindexera",
    "ReindexCompleted": "Omindexering slutförd",
    "RemovedFromCache": "Borttagen från cache och indexerad på nytt",
    "RemoveFromCacheConfirmation": "Är du säker på att du vill ta bort det här objektet från cacheminnet?",
    "ReIndexDocumentConfirmation": "Är du säker att du vill indexera om \"{0}\"?",
    "DeleteFromDatabase": "Ta bort från databasen",
    "Deleted": "Borttagen",
    "Search": "Sök",
    "StartDate": "Startdatum",
    "EndDate": "Slutdatum",
    "CreationTime": "Skapelsetid",
    "LastUpdateTime": "Senaste uppdatering",
    "LastSignificantUpdateTime": "Senaste betydande uppdatering",
    "Version": "Version",
    "LanguageCode": "Språkkod",
    "FileName": "Filens namn",
    "LastCachedTime": "Cache-tid",
    "Project": "Projekt",
    "AdvancedFilters": "Avancerade filter",
    "RemoveCacheAndReIndexConfirmation": "Dokumentet \"{0}\" kommer att tas bort från cacheminnet och indexeras på nytt. Kan du bekräfta detta?",
    "GeneratePdf": "Generera PDF",
    "Generating": "Genererar...",
    "Language": "Språk",
    "ForceToGenerateNewPdf": "Force to generate new PDF",
    "PdfGeneratedSuccessfully": "PDF generated successfully",
    "GenerateAndDownloadPdf": "Generate and download PDF",
    "PdfFileDeletionWarningMessage": "Are you sure you want to delete the PDF file \"{0}\"?",
    "ManagePdfFiles": "Manage PDF files",
    "Permission:ManagePdfFiles": "Manage PDF files",
    "PdfDeletedSuccessfully": "PDF-filen har tagits bort",
    "PdfGenerationStarted": "PDF-generering har påbörjats",
    "PdfGenerationStartedInfoMessage": "PDF-generering har påbörjats. När den är klar kan du kontrollera om filen har lagts till i PDF-filsektionen."
  }
}