{
  "culture": "tr",
  "texts": {
    "Permission:DocumentManagement": "Belge Yönetimi",
    "Permission:Projects": "Projeler",
    "Permission:Edit": "Düzenle",
    "Permission:Delete": "Sil",
    "Permission:Create": "Oluştur",
    "Permission:Documents": "Döküman",
    "Menu:Documents": "Dokümanlar",
    "Menu:DocumentManagement": "Dökümanlar",
    "Menu:ProjectManagement": "Projeler",
    "CreateANewProject": "Yeni proje oluştur",
    "Edit": "Düzenle",
    "Create": "Yeni oluştur",
    "Pull": "çekme",
    "Projects": "Projeler",
    "Name": "İsim",
    "ShortName": "Kısa isim",
    "DocumentStoreType": "Döküman saklama tipi",
    "Format": "Format",
    "ShortNameInfoText": "URL oluştururken kullanılacak.",
    "DisplayName:Name": "Adı",
    "DisplayName:ShortName": "Kısa adı",
    "DisplayName:Format": "Format",
    "DisplayName:DefaultDocumentName": "Varsayılan döküman adı",
    "DisplayName:NavigationDocumentName": "Navigasyon dökümanı adı",
    "DisplayName:MinimumVersion": "Minimum versiyon",
    "DisplayName:MainWebsiteUrl": "Ana web site URL",
    "DisplayName:LatestVersionBranchName": "Son versiyon Branch adı",
    "DisplayName:GitHubRootUrl": "GitHub kök adresi",
    "DisplayName:GitHubAccessToken": "GitHub erişim token",
    "DisplayName:GitHubUserAgent": "GitHub kullanıcı temsilcisi",
    "DisplayName:GithubVersionProviderSource": "GitHub sürüm sağlayıcı kaynağı",
    "DisplayName:VersionBranchPrefix": "Sürüm dalı öneki",
    "DisplayName:All": "Çekme bütün",
    "DisplayName:LanguageCode": "Dil kodu",
    "DisplayName:Version": "versiyon",
    "Documents": "Dokümanlar",
    "RemoveFromCache": "Önbellekten kaldır ve yeniden indeksle",
    "Reindex": "Yeniden İndeksle",
    "ReindexCompleted": "Yeniden indeksleme tamamlandı",
    "RemovedFromCache": "Önbellekten kaldırıldı ve yeniden indekslendi",
    "RemoveFromCacheConfirmation": "Bu maddeyi önbellekten kaldırmak istediğiniz emin misiniz?",
    "ReIndexDocumentConfirmation": "\"{0}\" öğesini yeniden indekslemek istediğinizden emin misiniz?",
    "DeleteFromDatabase": "Veritabanından sil",
    "Deleted": "Silindi",
    "Search": "Arama",
    "StartDate": "Başlangıç tarihi",
    "EndDate": "Bitiş tarihi",
    "CreationTime": "Oluşturma Zamanı",
    "LastUpdateTime": "Son Güncelleme",
    "LastSignificantUpdateTime": "Son önemli güncelleme",
    "Version": "Sürüm",
    "LanguageCode": "Dil kodu",
    "FileName": "Dosya adı",
    "LastCachedTime": "Önbellek süresi",
    "Project": "Proje",
    "AdvancedFilters": "Gelişmiş Filtre",
    "RemoveCacheAndReIndexConfirmation": "\"{0}\" belgesi önbellekten kaldırılacak ve yeniden indekslenecektir. Onaylıyor musunuz?",
    "GeneratePdf": "PDF oluştur",
    "Generating": "Oluşturuluyor...",
    "Language": "Dil",
    "ForceToGenerateNewPdf": "Yeni bir PDF oluştur",
    "PdfGeneratedSuccessfully": "PDF başarıyla oluşturuldu",
    "GenerateAndDownloadPdf": "PDF oluştur ve indir",
    "PdfFileDeletionWarningMessage": "{0} PDF dosyasını silmek istediğinizden emin misiniz?",
    "ManagePdfFiles": "PDF dosyalarını yönet",
    "Permission:ManagePdfFiles": "PDF dosyalarını yönet",
    "PdfDeletedSuccessfully": "PDF dosyası başarıyla silindi",
    "PdfGenerationStarted": "PDF oluşturma başladı",
    "PdfGenerationStartedInfoMessage": "PDF oluşturma işlemi başlatıldı. İşlem tamamlandığında, dosyanın PDF dosyaları bölümüne eklenip eklenmediğini kontrol edebilirsiniz."
  }
}