{
  "culture": "vi",
  "texts": {
    "Permission:DocumentManagement": "Quản lý tài liệu",
    "Permission:Projects": "Dự án",
    "Permission:Edit": "Sửa",
    "Permission:Delete": "Xóa",
    "Permission:Create": "Tạo",
    "Permission:Documents": "Các tài liệu",
    "Menu:Documents": "Các tài liệu",
    "Menu:DocumentManagement": "Tài liệu",
    "Menu:ProjectManagement": "Dự án",
    "CreateANewProject": "Tạo dự án mới",
    "Edit": "Sửa",
    "Create": "Tạo",
    "Pull": "Sự lôi kéo",
    "Projects": "Dự án",
    "Name": "Tên",
    "ShortName": "Tên rút gọn",
    "DocumentStoreType": "DocumentStoreType",
    "Format": "Định dạng",
    "ShortNameInfoText": "Sẽ được sử dụng cho URL duy nhất..",
    "DisplayName:Name": "Tên",
    "DisplayName:ShortName": "Tên rút gọn",
    "DisplayName:Format": "Định dạng",
    "DisplayName:DefaultDocumentName": "Tên tài liệu mặc định",
    "DisplayName:NavigationDocumentName": "Tên tài liệu điều hướng",
    "DisplayName:MinimumVersion": "Phiên bản tối thiểu",
    "DisplayName:MainWebsiteUrl": "URL trang web chính",
    "DisplayName:LatestVersionBranchName": "Tên nhánh phiên bản mới nhất",
    "DisplayName:GitHubRootUrl": "URL gốc của GitHub",
    "DisplayName:GitHubAccessToken": "GitHub access token",
    "DisplayName:GitHubUserAgent": "GitHub user agent",
    "DisplayName:GithubVersionProviderSource": "Nguồn nhà cung cấp phiên bản GitHub",
    "DisplayName:VersionBranchPrefix": "Tiền tố nhánh phiên bản",
    "DisplayName:All": "Kéo tất cả",
    "DisplayName:LanguageCode": "Mật ngữ",
    "DisplayName:Version": "Phiên bản",
    "Documents": "Các tài liệu",
    "RemoveFromCache": "Xóa khỏi bộ đệm và lập chỉ mục lại",
    "Reindex": "Reindex",
    "ReindexCompleted": "Reindex đã hoàn thành",
    "RemovedFromCache": "Đã xóa khỏi bộ đệm và lập chỉ mục lại",
    "RemoveFromCacheConfirmation": "Bạn có chắc chắn muốn xóa mục này khỏi bộ nhớ cache không?",
    "ReIndexDocumentConfirmation": "Bạn có chắc chắn muốn lập chỉ mục lại \"{0}\" không?",
    "DeleteFromDatabase": "Xóa khỏi cơ sở dữ liệu",
    "Deleted": "Đã xóa",
    "Search": "Tìm kiếm",
    "StartDate": "Ngày bắt đầu",
    "EndDate": "Ngày cuối",
    "CreationTime": "Thời gian sáng tạo",
    "LastUpdateTime": "Cập nhật cuối cùng",
    "LastSignificantUpdateTime": "Cập nhật quan trọng cuối cùng",
    "Version": "Phiên bản",
    "LanguageCode": "Mật ngữ",
    "FileName": "Tên tệp",
    "LastCachedTime": "Thời gian lưu vào bộ nhớ đệm",
    "Project": "Dự án",
    "AdvancedFilters": "Bộ lọc nâng cao",
    "RemoveCacheAndReIndexConfirmation": "Tài liệu &quot;{0}&quot; sẽ bị xóa khỏi bộ đệm và được lập chỉ mục lại. Bạn có xác nhận không?",
    "GeneratePdf": "Tạo PDF",
    "Generating": "Đang tạo...",
    "Language": "Ngôn ngữ",
    "ForceToGenerateNewPdf": "Tạo PDF mới",
    "PdfGeneratedSuccessfully": "PDF đã được tạo thành công",
    "GenerateAndDownloadPdf": "Tạo và tải xuống PDF",
    "PdfFileDeletionWarningMessage": "Bạn có chắc chắn muốn xóa tệp PDF \"{0}\" không?",
    "ManagePdfFiles": "Quản lý tệp PDF",
    "Permission:ManagePdfFiles": "Quản lý tệp PDF",
    "PdfDeletedSuccessfully": "Tệp PDF đã được xóa thành công",
    "PdfGenerationStarted": "Bắt đầu tạo PDF",
    "PdfGenerationStartedInfoMessage": "Quá trình tạo PDF đã bắt đầu. Sau khi hoàn thành, bạn có thể kiểm tra xem tệp đã được thêm vào phần tệp PDF chưa."
  }
}