{
  "culture": "zh-Hans",
  "texts": {
    "Permission:DocumentManagement": "文档管理",
    "Permission:Projects": "项目",
    "Permission:Edit": "编辑",
    "Permission:Delete": "删除",
    "Permission:Create": "创建",
    "Permission:Documents": "文档",
    "Menu:Documents": "文档",
    "Menu:DocumentManagement": "文档",
    "Menu:ProjectManagement": "项目",
    "CreateANewProject": "创建新项目",
    "Edit": "编辑",
    "Create": "创建",
    "Pull": "拉取",
    "Projects": "项目",
    "Name": "名称",
    "ShortName": "简称",
    "DocumentStoreType": "文件存储类型",
    "Format": "格式",
    "ShortNameInfoText": "将用于唯一的URL.",
    "DisplayName:Name": "名称",
    "DisplayName:ShortName": "简称",
    "DisplayName:Format": "格式",
    "DisplayName:DefaultDocumentName": "默认文档名称",
    "DisplayName:NavigationDocumentName": "导航文档名称",
    "DisplayName:MinimumVersion": "最低版本",
    "DisplayName:MainWebsiteUrl": "主网站网址",
    "DisplayName:LatestVersionBranchName": "最新版本的分支名称",
    "DisplayName:GitHubRootUrl": "GitHub根网址",
    "DisplayName:GitHubAccessToken": "GitHub访问令牌",
    "DisplayName:GitHubUserAgent": "GitHub用户代理",
    "DisplayName:GithubVersionProviderSource": "GitHub版本提供源",
    "DisplayName:VersionBranchPrefix": "版本分支前缀",
    "DisplayName:All": "拉取所有",
    "DisplayName:LanguageCode": "语言代码",
    "DisplayName:Version": "版本",
    "Documents": "文档",
    "RemoveFromCache": "从缓存中清除并重新索引",
    "Reindex": "重新索引",
    "ReindexCompleted": "重新索引完成",
    "RemovedFromCache": "从缓存中删除并重新索引",
    "RemoveFromCacheConfirmation": "你确定要从缓存中删除该项吗?",
    "ReIndexDocumentConfirmation": "您确定要重新索引“{0}”吗？",
    "DeleteFromDatabase": "从数据库中删除",
    "Deleted": "删除",
    "Search": "搜索",
    "StartDate": "开始时间",
    "EndDate": "结束时间",
    "CreationTime": "创建时间",
    "LastUpdateTime": "最后修改",
    "LastSignificantUpdateTime": "上次重大更新",
    "Version": "版本",
    "LanguageCode": "语言代码",
    "FileName": "文件名称",
    "LastCachedTime": "缓存项",
    "Project": "项目",
    "AdvancedFilters": "高级过滤器",
    "RemoveCacheAndReIndexConfirmation": "文档“{0}”将从缓存中删除并重新编制索引。 你确认吗？",
    "GeneratePdf": "生成PDF",
    "Generating": "生成中...",
    "Language": "语言",
    "ForceToGenerateNewPdf": "强制生成新PDF",
    "PdfGeneratedSuccessfully": "PDF生成成功",
    "GenerateAndDownloadPdf": "生成并下载PDF",
    "PdfFileDeletionWarningMessage": "你确定要删除PDF文件“{0}”吗？",
    "ManagePdfFiles": "管理PDF文件",
    "Permission:ManagePdfFiles": "管理PDF文件",
    "PdfDeletedSuccessfully": "PDF文件已成功删除",
    "PdfGenerationStarted": "PDF生成已开始",
    "PdfGenerationStartedInfoMessage": "PDF生成已开始。完成后，您可以在PDF文件部分检查文件是否已添加。"
  }
}