{
  "name": "DemoApp",
  "hash": "",
  "contents": [
    {
      "namespace": "DemoApp",
      "dependsOnModules": [
        {
          "declaringAssemblyName": "Volo.Abp.AspNetCore.Mvc",
          "namespace": "Volo.Abp.AspNetCore.Mvc",
          "name": "AbpAspNetCoreMvcModule"
        },
        {
          "declaringAssemblyName": "Volo.Abp.Autofac",
          "namespace": "Volo.Abp.Autofac",
          "name": "AbpAutofacModule"
        },
        {
          "declaringAssemblyName": "Volo.Abp.AutoMapper",
          "namespace": "Volo.Abp.AutoMapper",
          "name": "AbpAutoMapperModule"
        },
        {
          "declaringAssemblyName": "Volo.Abp.Swashbuckle",
          "namespace": "Volo.Abp.Swashbuckle",
          "name": "AbpSwashbuckleModule"
        },
        {
          "declaringAssemblyName": "Volo.Abp.AspNetCore.Serilog",
          "namespace": "Volo.Abp.AspNetCore.Serilog",
          "name": "AbpAspNetCoreSerilogModule"
        },
        {
          "declaringAssemblyName": "Volo.Abp.AspNetCore.Mvc.UI.Theme.Basic",
          "namespace": "Volo.Abp.AspNetCore.Mvc.UI.Theme.Basic",
          "name": "AbpAspNetCoreMvcUiBasicThemeModule"
        },
        {
          "declaringAssemblyName": "Volo.Abp.VirtualFileExplorer.Web",
          "namespace": "Volo.Abp.VirtualFileExplorer.Web",
          "name": "AbpVirtualFileExplorerWebModule"
        },
        {
          "declaringAssemblyName": "Volo.Abp.Account.Web",
          "namespace": "Volo.Abp.Account.Web",
          "name": "AbpAccountWebModule"
        },
        {
          "declaringAssemblyName": "Volo.Abp.Account.HttpApi",
          "namespace": "Volo.Abp.Account",
          "name": "AbpAccountHttpApiModule"
        },
        {
          "declaringAssemblyName": "Volo.Abp.Account.Application",
          "namespace": "Volo.Abp.Account",
          "name": "AbpAccountApplicationModule"
        },
        {
          "declaringAssemblyName": "Volo.Abp.PermissionManagement.Domain.Identity",
          "namespace": "Volo.Abp.PermissionManagement.Identity",
          "name": "AbpPermissionManagementDomainIdentityModule"
        },
        {
          "declaringAssemblyName": "Volo.Abp.Identity.Web",
          "namespace": "Volo.Abp.Identity.Web",
          "name": "AbpIdentityWebModule"
        },
        {
          "declaringAssemblyName": "Volo.Abp.Identity.HttpApi",
          "namespace": "Volo.Abp.Identity",
          "name": "AbpIdentityHttpApiModule"
        },
        {
          "declaringAssemblyName": "Volo.Abp.Identity.Application",
          "namespace": "Volo.Abp.Identity",
          "name": "AbpIdentityApplicationModule"
        },
        {
          "declaringAssemblyName": "Volo.Abp.Identity.EntityFrameworkCore",
          "namespace": "Volo.Abp.Identity.EntityFrameworkCore",
          "name": "AbpIdentityEntityFrameworkCoreModule"
        },
        {
          "declaringAssemblyName": "Volo.Abp.PermissionManagement.Web",
          "namespace": "Volo.Abp.PermissionManagement.Web",
          "name": "AbpPermissionManagementWebModule"
        },
        {
          "declaringAssemblyName": "Volo.Abp.PermissionManagement.Application",
          "namespace": "Volo.Abp.PermissionManagement",
          "name": "AbpPermissionManagementApplicationModule"
        },
        {
          "declaringAssemblyName": "Volo.Abp.PermissionManagement.HttpApi",
          "namespace": "Volo.Abp.PermissionManagement.HttpApi",
          "name": "AbpPermissionManagementHttpApiModule"
        },
        {
          "declaringAssemblyName": "Volo.Abp.PermissionManagement.EntityFrameworkCore",
          "namespace": "Volo.Abp.PermissionManagement.EntityFrameworkCore",
          "name": "AbpPermissionManagementEntityFrameworkCoreModule"
        },
        {
          "declaringAssemblyName": "Volo.Abp.EntityFrameworkCore.SqlServer",
          "namespace": "Volo.Abp.EntityFrameworkCore.SqlServer",
          "name": "AbpEntityFrameworkCoreSqlServerModule"
        }
      ],
      "implementingInterfaces": [
        {
          "name": "IAbpModule",
          "namespace": "Volo.Abp.Modularity",
          "declaringAssemblyName": "Volo.Abp.Core",
          "fullName": "Volo.Abp.Modularity.IAbpModule"
        },
        {
          "name": "IOnPreApplicationInitialization",
          "namespace": "Volo.Abp.Modularity",
          "declaringAssemblyName": "Volo.Abp.Core",
          "fullName": "Volo.Abp.Modularity.IOnPreApplicationInitialization"
        },
        {
          "name": "IOnApplicationInitialization",
          "namespace": "Volo.Abp",
          "declaringAssemblyName": "Volo.Abp.Core",
          "fullName": "Volo.Abp.IOnApplicationInitialization"
        },
        {
          "name": "IOnPostApplicationInitialization",
          "namespace": "Volo.Abp.Modularity",
          "declaringAssemblyName": "Volo.Abp.Core",
          "fullName": "Volo.Abp.Modularity.IOnPostApplicationInitialization"
        },
        {
          "name": "IOnApplicationShutdown",
          "namespace": "Volo.Abp",
          "declaringAssemblyName": "Volo.Abp.Core",
          "fullName": "Volo.Abp.IOnApplicationShutdown"
        },
        {
          "name": "IPreConfigureServices",
          "namespace": "Volo.Abp.Modularity",
          "declaringAssemblyName": "Volo.Abp.Core",
          "fullName": "Volo.Abp.Modularity.IPreConfigureServices"
        },
        {
          "name": "IPostConfigureServices",
          "namespace": "Volo.Abp.Modularity",
          "declaringAssemblyName": "Volo.Abp.Core",
          "fullName": "Volo.Abp.Modularity.IPostConfigureServices"
        }
      ],
      "contentType": "abpModule",
      "name": "DemoAppModule",
      "summary": null
    }
  ]
}